CpG	Module	ChromHMM	ChromHMM_bioc	HM	TFBS	genes
1	cg04735237	1	TxWk	TxWk	H3K4me1;H3K79me2;H3K79me3	HDGF;RBFOX2;SREBF1	PQBP1
2	cg00643814	1	Quies	Quies	H3F3A;H4K20me1	ASCL1;CASZ1;EBF1;FEZF1;FOXM1;HAND2;HDAC3;IRF2BP2;ISL1;MAFB;NEUROG2;NKX3-1;OSR2;PAX6;PAXIP1;PDX1;PHOX2B;PRDM4;PRDM6;RBBP4;SCRT1;SIX1;SMARCA2;SMC1A-B;SP140L;TSHZ1;WT1;ZBTB21;ZBTB44;ZBTB7B;ZBTB8A;ZNF10;ZNF189;ZNF2;ZNF213;ZNF335;ZNF35;ZNF366;ZNF528;ZNF561;ZNF580;ZNF629;ZNF843;ZXDB	
3	cg24865495	1	Quies	Quies		CRX;DNMT3B;OTX2;RORB;ZMYND11;ZNF711	MACROD1
4	cg25376651	1	Quies	Quies	H2BK20ac;H3K4me1	ATF2;BATF;ETV6;FOS;IKZF2;IRF4;JUNB;MAF;MAFG;MEF2B;NFATC3;NFE2L2;NR1H2;PPARG;RELB;SKIL;SMAD3-HIF1A;SMARCA5;SMARCD3;TBX21;TERF1;TRIM22;ZFP36	FRY
5	cg27485084	1	Quies	Quies	H3F3A;H3K23me2	PDX1	
6	cg12609052	1	Quies	Quies	H2BK20ac	MAFF;MAFK	TSPAN9
7	cg07354679	1	ReprPC	ReprPC		CRX;DNMT3B;MEF2D;MTF2;OTX2;RBBP4;RORB;UBTF;ZBTB6;ZNF445	CACNA1H
8	cg02592525	1	ReprPCWk	ReprPCWk	H2AFY	OLIG2	AMER2
9	cg12747056	1	Quies	TxWk		CBX8;CDK7;DNMT3B;GLIS3;LMO1;PRPF4	VAV2
10	cg17718960	1	ReprPC	TxWk		ARID4A;CBFB;FOXP4;HEXIM1;HIF3A;HIVEP1;HMGXB4;HNRNPL;HOXA3;MNX1;MXD4;NFAT5;NFATC3;NFKBIZ;NFYC;OGG1;PLAG1;PRDM10;PTBP1;RARA;RBFOX2;RBM39;RFXAP;RORB;RORC;RXR;TAF15;TFIIIC;THRB;TRIM25;TWIST1;ZBED4;ZBTB6;ZBTB7B;ZGPAT;ZNF263;ZNF274;ZNF276;ZNF407;ZNF423;ZNF550;ZNF554;ZNF572;ZNF598;ZNF777;ZNF800;ZNF883;ZNF891	KCNAB2
11	cg18472912	1	Quies	Quies		CRX;MEF2D;OTX2;RORB;ZNF317	WWC1
12	cg07176561	1	Quies	Quies		GRHL1;GRHL2	PTPRN2
13	cg18045973	1	Quies	Quies		CRX;LMO2	
14	cg09576074	1	Quies	ReprPCWk	H3F3A		WFDC1
15	cg01018110	1	ReprPC	ReprPCWk		GLIS3;NUTM1;PRDM14	
16	cg11377642	1	Quies	Quies		CBX8;IKZF3;MTA2;NFIC;PBX1;RBBP4;SETDB1;SOX8	KIF26B
17	cg07344172	1	Quies	Enh	H4K20me1	DNMT3B;NFIC	KIF21B
18	cg21916596	1	Quies	Quies	H2AK9ac;H2BK12ac;H2BK15ac;H2BK20ac;H3K9me1	ASCL1;CRX;MEF2D;NRL;OTX2;RORB	
19	cg06427611	1	Quies	Quies	H3K9me1	ARID1B;FOSL1;FOSL2;GLI4;GLIS1;HDGF;HIC1;IKZF2;INSM2;KLF8;KMT2C;NCOR1;NFIC;PATZ1;SALL2;SMAD2-3;SMARCE1;SP7;TSHZ1;XBP1;YY2;ZBTB10;ZBTB20;ZBTB21;ZFP37;ZFP69B;ZNF112;ZNF121;ZNF148;ZNF169;ZNF223;ZNF280D;ZNF324;ZNF335;ZNF366;ZNF391;ZNF394;ZNF398;ZNF410;ZNF473;ZNF621;ZNF623;ZNF629;ZNF639;ZNF660;ZNF662;ZNF692;ZNF711;ZNF747;ZNF776;ZSCAN18;ZSCAN21;ZSCAN4;ZXDB	PARVB
20	cg17782848	1	Quies	Quies		GLIS3;ZNF736	KCNIP1
21	cg23879743	1	Quies	Quies		ASCL1;CCAR2;CRX;DMAP1;FOXK1;GFI1;HLF;HMGXB4;HNF1A;HOXA3;ISL2;KDM3A;MEF2D;MNX1;MXD4;NFIL3;NR5A1;NRL;OTX2;PAXIP1;PHF21A;RORB;SP5;TFE3;THRB;U2AF1;ZBTB7B;ZGPAT;ZNF232;ZNF276;ZNF3;ZNF503;ZNF550	
22	cg27049654	1	Quies	TxWk	H3K23me2	DUX4;PAX7	
23	cg08197569	1	Quies	Quies	H3F3A	HDAC3;HIC1;HIF3A;HNF1B;OSR2;PATZ1;SETDB1;SOX8;SP7;SPIB;TEAD1;ZGPAT;ZNF121;ZNF398;ZNF770	SBK2
24	cg19284368	1	Quies	Quies	H2BK20ac	BICRA;CASZ1;CHD7;CLOCK;FOXL2;GATA6;GTF2B;MED12;MEF2B;MYF5;NEUROG2;NR2F1;OVOL1;PATZ1;SCRT1;SREBF1;TEAD1;ZNF165;ZNF398;ZNF692;ZNF79	
25	cg17220278	1	Quies	Quies		DNMT3B;HMGN3;OGG1;RXR;SS18-SSX;TAF15;TFIIIC	PRDM16
26	cg27019093	1	EnhWk	TxWk	H2BK120ub	ARID1B;BCL11A;CBFA2T3;EP400;GATA1;LDB1;MGA;NCOR1;NFE2;PSIP1;SMARCE1;UBTF;ZFP36;ZNF18;ZNF366;ZNF592	UBE2G1
27	cg27295042	1	Quies	Quies		CBFA2T2;CRX;HEXIM1;HNRNPL;MEF2D;OTX2;RARA;RORB;RORC;TAF15;TRIM25;WDR5	CASZ1
28	cg20746830	1	Quies	Quies		CRX;MEF2D;OTX2;RORB	ABCA4
29	cg09293718	1	Quies	Quies	H2BK12ac	ASCL1;CRX;CRY1;MEF2D;NRL;OTX2;RORB;SETDB1;SOX8;ZBTB6;ZNF283	PSKH2;ATP6V0D2
30	cg17918270	1	Quies	Quies		EED;OTX2;PITX3;ZFP57	MYT1L
31	cg26380710	2	TssBiv	TssA	H2AZac;H3K79me1	AFF1;AFF4;APC;ARID1A;ARID5B;ARNTL;ATF2;ATXN7L3;BACH1;BCL3;CBFB;CBX4;CDK7;CDKN1B;CDX2;CEBPD;CHD4;CHD7;CREBBP;CSNK2A1;CTBP2;CTNNB1;DAXX;DEK;DMAP1;E2F1;E2F6;ELF3;ELK4;ELL2;EP300;ERG;ETV1;FOXK1;FOXM1;FOXO1;GATA6;GLIS1;GLIS2;GLIS3;GRHL2;HEXIM1;HIC1;HIVEP1;HNF4A;HNRNPC;HNRNPL;HOXA3;INTS11;INTS13;IRF1;IRF2;KDM3A;KDM4A;KDM4C;KLF10;KLF4;KLF6;KLF8;KMT2C;KMT2D;LDB1;LMO1;LMO2;MAF;MAML1;MED;MGA;MITF;MNX1;MORC2;MRTFB;MXD4;MYC;NANOG;NCBP1;NCOR1;NFAT5;NOTCH1;NR1H2;NR2C2;OGG1;ONECUT2;PATZ1;PAXIP1;PCBP1;PCGF1;PHF8;PHIP;POU5F1;PRDM10;PRDM14;RBM39;RNF2;RORC;RUNX1-RUNX1T1;RUNX2;RYBP;SALL3;SFMBT1;SIRT6;SMAD3;SMC1A;SOX9;SP3;SP5;SP7;SREBF1;SRF;SRSF3;STAT5B;TAF15;TAF7;TAL1;TBL1X;TBP;TBX21;TCF7;TFAP2C;TFDP2;TFE3;TFIIIC;TP53;TRIM25;WDR5;ZBED4;ZBTB1;ZBTB10;ZBTB7B;ZBTB8A;ZFP69B;ZGPAT;ZMIZ1;ZMYND8;ZNF142;ZNF189;ZNF2;ZNF202;ZNF207;ZNF274;ZNF276;ZNF341;ZNF398;ZNF407;ZNF423;ZNF462;ZNF467;ZNF550;ZNF561;ZNF579;ZNF629;ZNF660;ZNF692;ZNF750;ZNF883;ZNF891;ZSCAN22;ZSCAN4;ZXDB	
32	cg05049545	2	TssA	TssA	H2A;H2AZac;H3_4ac;H3K27me1;H3K4me3B;H3K56ac;H3K79me1;H3K9ac_H3K14ac;H3K9K14ac	ARID4A;ARNTL;BACH1;BAF155;BHLHE40;BRD3;CBFB;CBX4;CCNT2;CDK7;CDKN1B;CHD2;CHD8;CREB3L1;DMAP1;E2F6;ELL2;EP400;FOXP4;GATAD2B;GMEB1;GTF2B;HEXIM1;HMGXB4;HNRNPC;HNRNPLL;HOXA3;INTS11;INTS13;IRF1;KDM4A;KDM5A;KDM6B;KLF3;KLF8;KLF9;KMT2D;L3MBTL2;LIN54;LIN9;LMO1;MAX;MBD2;MED;MEF2A;MGA;MLLT3;MNX1;MORC2;MRTFB;MTA3;MXD4;MYB;MYBL2;MYC;MYC-DAXX;MYCN;NCOR1;NELFA;NELFCD;NFAT5;NFE2;NFIC;NONO;NR4A1;NRF1;OLIG2;PATZ1;PCGF1;PHF8;PRPF4;RARA;RBBP5;RBFOX2;RBM39;RORC;SALL3;SAP30;SKIL;SMAD5;SMARCA5;SP3;SP5;TAF3;TCF7;TCF7L2;TFDP1;TFDP2;TFIIIC;WDR5;YY1;YY2;ZBED4;ZBTB14;ZBTB20;ZBTB26;ZBTB7B;ZGPAT;ZHX1;ZHX2;ZNF142;ZNF148;ZNF18;ZNF2;ZNF202;ZNF274;ZNF276;ZNF343;ZNF398;ZNF407;ZNF592;ZNF639;ZNF660;ZNF692;ZNF697;ZNF766;ZNF777;ZNF883;ZNF891	SCML2
33	cg05799859	2	TssA	TssA		AHR;ARID4A;ARNT;ASCL1;ASXL3;ATF2;ATRX;BACH1;BAF155;BAP1;BCL11A;BRCA1;BRD3;CBFB;CCNT2;CDK6;CDK7;CDK9;CRX;CXXC4;CXXC5;DMAP1;DRAP1;EHMT2;ELF1;ELL2;ERG;FANCL;FLI1;FOXO1;FOXP2;FUS;GABPB1;GLIS2;GMEB1;GRHL2;GTF2B;GTF2F1;HAND2;HEXIM1;HMGN3;HMGXB4;HNRNPC;HNRNPK;HNRNPLL;HOXA3;INTS11;INTS13;IRF1;IRF2;ISL2;KLF10;KLF12;KLF3;KLF6;KLF8;KLF9;LDB1;LMO1;MAF;MAZ;MED1;MED26;MEF2D;MEIS2;MNX1;MRTFA;MTA3;MXD4;MYBL2;MYC-DAXX;MYOD1;NELFCD;NELFE;NEUROD1;NFE2L2;NFKBIZ;NFYA;NFYB;NRF1;OLIG2;PATZ1;PAX5;PAXIP1;PCGF1;RARA;RB1;RBBP4;RBFOX2;RBM25;RBM39;RFX5;RFXAP;RORC;RYBP;SAFB;SIRT6;SMAD3-HIF1A;SMAD4;SMARCA4;SP1;SP2;SP3;SP4;SP5;SS18-SSX;TAF15;TAF3;TBP;TCF12;TCF7;TFAP2C;TFAP4;TFDP1;TFDP2;TFIIIC;TRIM25;TWIST1;VDR;VEZF1;WDR5;XBP1;YY1;YY2;ZBED4;ZBTB42;ZFX;ZFY;ZHX1;ZKSCAN1;ZNF407;ZNF660;ZNF711;ZNF883;ZSCAN22	
34	cg16181678	2	TssA	TssA	CENPA;H1.0;H1.4;H2A;H2AFZ;H2AK119;H2AK9ac;H2AZac;H3.3;H3.3,H2A.Z;H3ac;H3K27ac;H3K27me1;H3K4me3;H3K4me3B;H3K79me1;H3K9ac;H3K9ac_H3K14ac;H3K9K14ac;H4;H4ac;H4K5ac;H4K5ac_H4K8ac_H4K12ac_H4K16ac;H4K8ac;HistoneLysineAcetylation;HistoneLysineCrotonylation	AFF1;AHR;ARID4A;ARNT;ASH2L;ATF4;ATF7;BRD1;BRD2;BRD7;CDKN1B;CEBPB;CEBPD;CEBPG;CREB3L1;CTBP1;CXXC4;DEK;DMAP1;DRAP1;EHF;ELL2;GABPB1;GATAD2B;GTF3C2;HBP1;HDAC1;HIF1A;HMGXB4;HNRNPL;HNRNPLL;HOXA3;ID3;IKZF1;IKZF2;IKZF3;ILF3;INTS11;IRF1;IRF2;IRF4;IRF8;KAT7;KDM3A;KDM4A;KLF6;KMT2A;KMT2B-D;LIN54;MEF2B;MEN1;MIER1;MLLT1;MLLT3;MNX1;MTA3;MXD4;MZF1;NBN;NELFCD;NFATC1;NFRKB;OLIG2;PARP1;PAX8;PCGF1;PHF8;PPARG;PRDM1;PRDM10;PROX1;PTBP1;RBBP5;RBFOX2;RBM39;RELB;RUNX2;SAP30;SMAD3;SMARCB1;SMARCC2;SMARCE1;SP140L;SP7;SRF;SRSF1;STAT1;TAF3;TBL1X;TP63;TRIM25;UBTF;YY1;YY1AP1;ZBED2;ZBTB20;ZBTB7B;ZBTB8A;ZEB2;ZFP36;ZFP64;ZGPAT;ZHX2;ZKSCAN1;ZKSCAN5;ZNF189;ZNF2;ZNF335;ZNF341;ZNF366;ZNF394;ZNF407;ZNF444;ZNF501;ZNF530;ZNF598;ZNF610;ZNF692;ZNF711;ZNF750;ZNF883;ZNF891;ZSCAN22;ZSCAN29	NKAPP1
35	cg26822438	2	NA	ReprPC	H1.0	CTBP2;EED;FOXO1;JARID2;MITF;OGG1;RORC;SUZ12;TBL1X;TFIIIC;WDR5	RHOXF1P1
36	cg12935118	2	TssA	TssA	H3K18cr;H4K16ac;HistoneLysineAcetylation;HistoneLysineCrotonylation	AFF4;ARID4A;ASXL3;ATXN7L3;BAF155;BAP1;BRD7;CBX4;CDKN1B;ERF;FOXK1;FOXO1;GLIS1;GLIS2;HEXIM1;HNRNPC;IFNA1;INO80;KDM4C;KLF10;KLF16;KLF3;KLF4;KLF8;KLF9;MAF1;MCRS1;MNX1;MYBL2;MZF1;NFKB1;OGG1;OLIG2;PATZ1;PAXIP1;PHF8;PHIP;PLAG1;PPARG;PRDM10;PRPF4;PTBP1;RBBP5;RBM39;RORC;RYBP;SALL3;SMARCB1;SNAI2;SP3;SP7;SRSF1;SRSF3;SUPT6H;TAF15;TAF3;TCF7;TFAP4;TFIIIC;TRIM25;VEZF1;WDR5;ZBTB26;ZBTB7A;ZBTB7B;ZGPAT;ZNF148;ZNF202;ZNF213;ZNF28;ZNF281;ZNF341;ZNF366;ZNF407;ZNF534;ZNF596;ZNF692	SMARCA1
37	cg03671371	2	TssBiv	TssA	H4K12ac	ATRX;CBX4;CTBP2;CTCFL;ELF3;GLIS3;MGA;MYC-DAXX;MYOCD;NFIC;PCGF1;RORC;RYBP;SMC1A-B;TFIIIC;TRIM25;WDR5;ZBTB26	
38	cg22658957	2	ReprPC	ReprPC	H1.4	EGR1;MORC2;ZNF596	RHOXF1P1;RHOXF1P2
39	cg08980509	2	TssFlnk	TssA	H4K5ac_H4K8ac_H4K12ac_H4K16ac	GATA2;GATA3;LDB1;OGG1;PCGF1;PRDM14;RARA;RORC;RYBP;SALL3;SIRT6;ZBTB1;ZNF335;ZNF519;ZNF891	ENSG00000237741
40	cg23277098	2	TssA	TssA		AFF1;AFF4;AHR;APC;AR;ARID3A;ARID4A;ARID4B;ARID5B;ASH1L;ASH2L;ATF1;ATF2;ATF3;ATF7;BAF155;BAP1;BCL11A;BCL11B;BCL3;BCL6;BCLAF1;BMPR1A;BRD2;BRD3;BRD4;CBFA2T3;CBX1;CBX3;CC2D1A;CCAR2;CDK6;CDK7;CDK8;CDK9;CDKN1B;CDX2;CEBPA;CEBPB;CEBPD;CHAMP1;CHD2;CHD4;CHD8;CLOCK;CREB1;CREB3L1;CREBBP;CREM;CRX;CTBP1;CXXC4;DAXX;DDX20;DDX21;DEK;DIDO1;DLX6;DMAP1;DR1;DRAP1;E2F1;E2F4;E2F6;E2F8;E4F1;EBF1;EBF3;EGR1;EHF;EHMT2;ELF1;ELF3;ELF4;ELK1;ELK4;ELL2;EP300;EP400;ERF;ERG;ESRRA;ETS1;ETV1;ETV4;ETV6;EZH1;FEZF1;FLI1;FOS;FOXK1;FOXK2;FOXM1;FOXO1-PAX3;FOXP4;GABPA;GABPB1;GATA1;GATAD1;GFI1B;GLI4;GMEB1;GMEB2;GTF2B;GTF2F1;HBP1;HCFC1;HDAC1;HDAC3;HDAC8;HEXIM1;HIVEP1;HMGXB4;HNF1B;HNF4A;HNF4G;HNRNPL;HNRNPLL;HOXA3;HOXB13;HSF1;ID3;ILF3;INSM2;INTS11;INTS13;IRF1;IRF2;IRF3;IRF4;ISL2;JMJD1C;JUN;JUNB;JUND;KAT2A;KDM3A;KDM4B;KDM5A;KDM5B;KLF1;KLF10;KLF8;KMT2B;KMT2B-D;KMT2C;L3MBTL2;LDB1;LIN54;LIN9;LMO1;MAF;MAFF;MAFK;MAML1;MAX;MBD1;MBD2;MED;MED12;MED25;MED26;MEF2A;MEF2B;MEF2C;MEF2D;MEIS1;MEIS2;MGA;MLLT1;MNT;MNX1;MRTFB;MTA1;MTA2;MTA3;MXD4;MXI1;MYB;MYBL2;MYC;MYCN;MYOD1;NANOG;NBN;NCOA1;NCOR1;NCOR2;NELFA;NELFCD;NELFE;NEUROD1;NFATC3;NFE2;NFE2L2;NFIC;NFKB1;NFKBIZ;NFRKB;NFYA;NFYB;NFYC;NIPBL;NKX3-1;NOTCH1;NR1H2;NR2C1;NR2C2;NR2F1;NR2F2;NR2F6;NR4A1;NRIP1;OGG1;OGT;OLIG2;OSR2;OTX2;PAF1;PAX3-FOXO1;PAX7;PAXIP1;PBX1;PBX2;PBX3;PCGF1;PDX1;PGR;PHF20;PHF21A;PHF8;PHIP;PITX3;PKNOX1;PML;POU2F1;POU2F2;POU2F3;PPARG;PRDM1;PRDM10;PRDM14;PRPF4;RARA;RB1;RBFOX2;RBM25;RBM39;RBPJ;RELA;RELB;REPIN1;REST;RFX1;RFX5;RFXAP;RLF;RORB;RUNX1;RUNX1T1;RUNX2;RXR;RXRA;RYBP;SETDB1;SFMBT1;SHOX2;SIN3A;SIN3B;SIX1;SIX5;SKI;SKIL;SMAD1;SMAD2-3;SMAD3;SMAD4;SND1;SOX2;SOX4;SOX6;SOX9;SP1;SP140L;SP2;SP3;SP4;SP5;SP7;SPDEF;SRC;SREBF1;SREBF2;SRF;SRSF1;SRSF7;SS18;STAT1;STAT3;STAT5B;SUPT5H;T;TAF1;TAF2;TAF3;TAF9B;TBL1X;TBL1XR1;TBP;TBX21;TBX5;TCF12;TCF3;TCF4;TCF7;TCF7L2;TFAP4;TFDP1;TFDP2;TFE3;TP53;TP73;TRIM22;TRIM24;TRIM28;TRIP13;U2AF1;UBTF;USF1;USF2;VDR;WDR5;XBP1;XRCC5;YAP1;YY1AP1;ZBED4;ZBTB11;ZBTB12;ZBTB2;ZBTB21;ZBTB40;ZBTB7B;ZC3H11A;ZC3H8;ZEB2;ZFP36;ZFP64;ZFP69B;ZGPAT;ZHX1;ZHX2;ZKSCAN1;ZMIZ1;ZMYM3;ZMYND8;ZNF101;ZNF142;ZNF143;ZNF148;ZNF175;ZNF18;ZNF184;ZNF2;ZNF207;ZNF217;ZNF24;ZNF260;ZNF264;ZNF274;ZNF276;ZNF280A;ZNF280D;ZNF30;ZNF316;ZNF324;ZNF335;ZNF337;ZNF341;ZNF35;ZNF350;ZNF384;ZNF391;ZNF407;ZNF44;ZNF444;ZNF501;ZNF518A;ZNF528;ZNF534;ZNF554;ZNF558;ZNF561;ZNF574;ZNF580;ZNF598;ZNF610;ZNF626;ZNF629;ZNF639;ZNF652;ZNF660;ZNF680;ZNF687;ZNF692;ZNF711;ZNF750;ZNF75A;ZNF76;ZNF778;ZNF784;ZNF786;ZNF8;ZNF843;ZNF883;ZNF891;ZSCAN22;ZSCAN29;ZSCAN30;ZSCAN5C;ZXDB;ZXDC	
41	cg08848711	2	TssFlnk	TssA		ASH2L;FOXO1;HEXIM1;HIVEP1;HMGXB4;HNRNPL;HOXA3;IKZF3;KDM4A;KDM6B;MNX1;OGG1;RBFOX2;RBM39;RORC;RYBP;SIRT6;SREBP2;TAF15;TRIM25;VEZF1;ZBTB7B;ZGPAT;ZNF18;ZNF202;ZNF274;ZNF407;ZNF777;ZNF800;ZNF883	ENSG00000279601
42	cg09789426	2	TssFlnk	TssA	H1.0	PCGF1	BHLHB9
43	cg03989304	2	TssFlnk	TssA	H1.4;H3K79me1;H4ac;H4K12ac;H4K5ac_H4K8ac_H4K12ac_H4K16ac	APC;ARID4A;ARNTL;ATF1;ATF3;ATRX;BHLHE40;BRF1;CBFA2T2;CBFB;CBX1;CDKN1B;CDX2;CLOCK;CTBP2;CTCF;CTNNB1;DMAP1;DPF1;DRAP1;E2F6;FOXK1;FOXP1;FOXP4;GATAD2B;GLI4;GLIS3;HEXIM1;HIF3A;HIVEP1;HMGXB4;HNF1B;HNF4A;HNF4G;HNRNPC;HNRNPL;HOXA3;HOXB13;ID3;ILF3;INO80;INTS13;ISL2;KDM3A;KDM4A;KMT2B;KMT2B-D;L3MBTL2;LIN54;MEF2A;MGA;MITF;MLX;MNX1;MTA3;MXD4;NFAT5;NFIC;NFKB1;NFKBIZ;NFYC;NR2C2;NR2F1;NR2F2;NR2F6;NR5A1;NR5A2;OGG1;OLIG2;PATZ1;PAXIP1;PCGF1;PHF20;PHF21A;PHF5A;PLAG1;PPARG;PRDM10;PTBP1;RAD21;RAD51;RARA;RBFOX2;RBM39;RFXAP;RNF2;RORC;RUNX1T1;RXR;RYBP;SIN3B;SIX1;SKIL;SMAD2-3;SMC1;SMC1A;SMC3;SOX9;SP140L;SP7;SREBP2;SRSF3;SRSF7;T;TAF15;TBL1X;TBX3;TCF7;TCF7L2;TFDP2;TFE3;TFIIIC;TRIM22;U2AF1;USF1;USF2;USP7;VDR;WDR5;ZBED4;ZBTB11;ZBTB20;ZBTB21;ZBTB26;ZBTB7B;ZGPAT;ZHX1;ZKSCAN1;ZNF142;ZNF143;ZNF175;ZNF232;ZNF274;ZNF276;ZNF3;ZNF335;ZNF407;ZNF44;ZNF444;ZNF501;ZNF503;ZNF507;ZNF550;ZNF580;ZNF592;ZNF598;ZNF609;ZNF654;ZNF697;ZNF711;ZNF766;ZNF777;ZNF843;ZNF883;ZNF891;ZXDB	LINC01285
44	cg26751304	2	TssBiv	TssA	H3K23me2;H3K27me3B	CBX2;CBX8;CTBP2;EZH2;GATAD2B;PCGF1;RING1;RORC;RYBP;ZBTB26;ZNF257;ZNF335;ZNF561;ZNF711;ZNF76	
45	cg12814550	2	ReprPC	EnhBiv	H4	EED;JARID2;JUNB;SS18-SSX;ZNF750;ZSCAN22	RHOXF1P1
46	cg08348649	2	TssBiv	TssBiv	H1.4;H3K79me1	AATF;ARID4A;BACH1;BCL6;CTCF;FOXO1;GATAD2B;GLI4;GLIS1;HIVEP1;HMGXB4;HOXA3;IKZF2;IRF1;JARID2;KDM1A;MAF;MBD1;MEF2B;MGA;MNX1;NFE2;NFKB1;OGG1;PARP1;PATZ1;PHF19;POU5F1;PRDM4;RBM39;RYBP;SALL3;SAP30;SCRT1;SMAD2-3;SMARCA5;SMC1A;SP3;SP7;SRSF1;SRSF3;SS18;SS18-SSX;STAG2;STAT1;STAT5B;SUZ12;TBL1X;TBX21;TBX5;TRIM22;ZBTB10;ZBTB20;ZBTB33;ZNF10;ZNF189;ZNF2;ZNF202;ZNF207;ZNF280D;ZNF341;ZNF366;ZNF391;ZNF394;ZNF398;ZNF528;ZNF572;ZNF639;ZNF660;ZNF687;ZNF692;ZNF736;ZNF777;ZNF843;ZNF891;ZSCAN21;ZSCAN4;ZSCAN5A;ZXDB	TMEM255A
47	cg23503517	2	TssA	TssA	H2AZac;H3;H3K4me3;H3K4me3B;H3K79me1;H4K5ac;H4K5ac_H4K8ac_H4K12ac_H4K16ac	AFF4;APC;ARID3A;ARID4A;ARID4B;ARNT;ARNTL;ASH2L;ATXN7L3;BCL11B;BMPR1A;BRD1;CBFB;CBX1;CBX4;CDK6;CDK7;CDK9;CDKN1B;CEBPD;CHD8;CREB1;CREBBP;CREM;CTBP1;CTBP2;CXXC4;DIDO1;DLX6;DMAP1;DR1;DRAP1;E2F1;E2F3;E2F4;E2F6;E2F7;E2F8;E4F1;ELF1;ELF3;ELF4;ELK1;ELK4;ELL2;EP400;EPAS1;ERG;ETS1;ETV4;FOS;FOXA2;FOXK1;FOXK2;FOXL2;FOXP4;GABPA;GABPB1;GATA4;GATAD1;GATAD2B;GLIS1;GLIS2;GMEB1;GSPT2;GTF2B;HBP1;HCFC1;HDAC1;HIC1;HIF1A;HIVEP1;HMGN3;HMGXB4;HNF1B;HNRNPC;HNRNPH1;HNRNPK;HNRNPL;HNRNPLL;HNRNPUL1;HOXA3;ID3;IKZF2;ILF3;INSM2;INTS11;INTS13;IRF2;ISL2;JUNB;KDM3A;KDM4A;KDM4B;KDM5A;KDM5B;KDM6B;KLF16;KLF17;KLF3;KLF6;KLF8;KMT2A;KMT2B;KMT2C;KMT2D;L3MBTL2;LDB1;LIN54;LIN9;MAF;MAX;MAZ;MBD2;MED;MED1;MED26;MEF2A;MEF2B;MGA;MLLT1;MLX;MNT;MNX1;MORC2;MRTFB;MTA1;MTA3;MXD4;MXI1;MYBL2;MYC;MYCN;NANOG;NBN;NCBP1;NCOA1;NELFA;NELFCD;NFAT5;NFE2;NFE2L2;NFIB;NFKBIZ;NFYA;NFYB;NFYC;NIPBL;NOTCH1;NR2C2;NR2F2;OGG1;OGT;OLIG2;ONECUT2;PATZ1;PAXIP1;PCBP1;PCGF1;PGR;PHF20;PHF8;PITX3;PKNOX1;PLAG1;PML;POU5F1;PPARG;PRDM10;PRDM15;PRPF4;RARA;RB1;RBBP4;RBBP5;RBM22;RBM39;RELB;RFXAP;RORB;RORC;RUNX1;RUNX1T1;RXR;SAP30;SIN3A;SIN3B;SIX1;SMAD4;SMAD5;SMARCB1;SNAI2;SP1;SP140L;SP2;SP3;SP5;SP7;SREBF2;SREBP2;SRF;SRSF1;SUPT5H;TAF15;TAF3;TAF7;TARDBP;TBL1X;TBL1XR1;TBP;TBX2;TBX21;TBX3;TCF12;TCF3;TCF7;TFAP2C;TFAP4;TFDP1;TFDP2;TFE3;TFIIIC;TGIF2;TRIM28;TSHZ1;U2AF1;VDR;WDR5;YAP1;YY2;ZBED4;ZBTB10;ZBTB11;ZBTB12;ZBTB14;ZBTB20;ZBTB26;ZBTB40;ZBTB48;ZBTB7B;ZBTB8A;ZFP64;ZFP69B;ZGPAT;ZIC2;ZKSCAN1;ZNF101;ZNF142;ZNF189;ZNF2;ZNF217;ZNF232;ZNF256;ZNF263;ZNF264;ZNF274;ZNF276;ZNF283;ZNF324;ZNF341;ZNF35;ZNF366;ZNF391;ZNF394;ZNF407;ZNF44;ZNF444;ZNF449;ZNF501;ZNF503;ZNF518A;ZNF524;ZNF555;ZNF561;ZNF572;ZNF580;ZNF598;ZNF629;ZNF639;ZNF660;ZNF692;ZNF697;ZNF711;ZNF750;ZNF75A;ZNF766;ZNF777;ZNF786;ZNF800;ZNF843;ZNF883;ZNF891;ZSCAN22;ZXDB;ZZZ3	POLA1
48	cg14927126	3	EnhWk	Enh	H2AK9ac;H3K79me1;H3K9me1	ARID3A;CDX2;CHD7;DRAP1;FOS;FOSL1;FOSL2;FOXJ3;FOXP4;GFI1;HNF4A;HNF4G;HOXA3;HSF2;ISL2;KMT2C;KMT2D;MED12;MYOG;NCOR1;NFATC2;NFIC;NR2C2;NR2F2;NR2F6;ONECUT1;PAXIP1;PPARG;RXRA;SMAD4;SMARCA2;TBL1XR1;TCF7;THRB;ZNF12;ZNF609;ZNF629	SIK3
49	cg00746446	3	Quies	Quies		NEUROG2;SRSF7	KLHL29
50	cg08093097	3	Quies	Quies		CHD7;RFX1;SOX2	C2orf80
51	cg13957413	3	ReprPC	ReprPC		SS18-SSX;ZFP36;ZNF770	
52	cg21531389	3	Quies	Enh		AHR;ARID3A;ATF2;BACH1;BACH2;BATF;BATF3;BCL11B;BCL3;BCL6;BHLHE22;BICRA;BMI1;CBFA2T3;CBFB;CD74;CDK7;CDKN1B;CEBPB;CHD4;CHD7;CREBBP;E2F7;E2F8;EBF1;EPAS1;ETV6;EVI1;FLI1;FOSL1;FOSL2;FOXM1;FOXO1;FOXO1-PAX3;GATAD2B;HDAC3;HIF1A;IKZF2;IKZF3;IRF4;JUNB;LMO1;LMO2;LYL1;MAF;MAFK;MED;MEF2A;MEF2B;MEF2C;MTA2;MTA3;MTF2;MYB;MYF5;MYOD1;MYOG;NEUROG2;NFATC1;NFATC3;NFIC;NIPBL;NR4A1;OLIG2;PARP1;PAX5;PBX1;PBX1-2-3;PBX3;POU2AF1;POU2F2;RAD51;RARA;RELB;RUNX1-RUNX1T1;RUNX1T1;RUNX2;RXRA;SKIL;SMAD3-HIF1A;SMARCA2;SOX4;SRF;SS18-SSX;STAT2;STAT5A;STAT5B;TAL1;TBL1XR1;TBX21;TCF21;TCF3;TCF3-PBX1;TCF4;TCF7;TEAD1;TEAD4;TRIM22;VDR;XBP1;YAP1;ZBED1;ZBTB33;ZBTB40;ZFP36;ZMYND8;ZNF18;ZNF207;ZNF597;ZSCAN29	CRYBB1;ENSG00000286326
53	cg06721601	3	TxWk	TxWk	H2Bub	CDK7;CHD4;CREB5;DNMT3B;FOXM1;FOXO1-PAX3;HAND2;HDAC3;HIVEP1;HOXA3;MITF;MYOD1;MYOG;OLIG2;PAX3-FOXO1;PHOX2B;PRPF4;RBBP4;RPA2;SNAI2;SOX8;TFAP4;U2AF1	CUX1
54	cg06930722	3	TssFlnkU	TssAFlnk		ARID3A;ARID5B;BACH1;BCL11B;BCL3;BHLHE22;BMI1;CD74;CDK7;CHD4;CHD7;E2F8;EBF1;ETV6;FOXO1;GATAD2B;IKZF2;IKZF3;JUNB;LDB1;LMO1;LMO2;MAF;MED;MEF2B;MEIS1;MITF;MLLT1;MTA2;MYB;MYOD1;NEUROG2;NFATC3;PBX1;PBX3;PDX1;POU2F2;RBBP4;RBM22;RELB;RUNX1-3;RUNX1T1;RUNX2;SKIL;SMARCA5;TAL1;TBX21;TCF3;TCF3-PBX1;TCF4;TRIM22;ZBTB1;ZBTB40;ZFP36;ZMIZ1;ZNF207;ZNF341;ZNF687;ZNF891	CHST11
55	cg03516335	3	EnhA1	Enh	H3F3A	ARID1B;ARID4A;ASCL1;ATF7;ATRX;BCL11A;CD74;CHD7;CREM;CUX1;DRAP1;E4F1;EBF1;EBF3;ETV4;EVI1;FOXK2;GABPA;GABPB1;GATA3;HAND2;HMBOX1;HMGXB4;HOXA3;IKZF1;ILF3;ISL1;KAT7;LIN54;MAF;MAML3;MLX;MYB;NFYB;NFYC;ONECUT1;ONECUT2;PAXIP1;PBX1;PDX1;PHF21A;PHF5A;PITX3;PPARG;PRDM10;PRPF4;RFX5;SOX6;SP5;SPI1;TBX2;TCF3;TCF4;TFAP4;TFE3;TSHZ2;TWIST1;VEZF1;ZBED4;ZBTB7A;ZBTB7B;ZFP3;ZGPAT;ZNF341;ZNF467	CLPB;ENSG00000256403
56	cg12689670	3	EnhWk	Enh	H2AK5ac;H2AK9ac;H3K79me1;H4K20me1	ASCL1;ASXL3;BACH2;BRF1;CASZ1;CBFA2T3;CHD4;CHD7;EBF1;ELF3;FEZF1;FLI1;FOS;FOSL1;FOSL2;FOXL2;FOXM1;FOXO1-PAX3;GLIS1;GPS2;HDAC3;HEXIM1;IKZF1;IKZF3;INSM2;IRF2BP2;JMJD1C;KAT7;KLF10;KLF17;KLF8;KMT2B-D;LDB1;MAFB;MAFK;MED;MED12;MEF2B;MEIS1;MRTFA;MRTFB;MTA2;MYF5;MYOD1;MYOG;NEUROG2;NKX3-1;NR4A1;OSR2;PATZ1;PAX3-FOXO1;PBX1;PBX1-2-3;PBX3;PITX3;PKNOX1;POU4F2;PRDM6;SMARCA2;SNAI2;SOX2;SOX4;SP7;SPI1;SRF;T;TCF21;TCF3;TCF3-PBX1;TCF4;TEAD1;TFAP4;TRIM28;TSHZ1;WT1;ZBTB20;ZBTB21;ZBTB42;ZBTB44;ZBTB8A;ZFP69B;ZNF10;ZNF18;ZNF184;ZNF189;ZNF2;ZNF30;ZNF317;ZNF324;ZNF335;ZNF35;ZNF350;ZNF366;ZNF394;ZNF423;ZNF488;ZNF518A;ZNF554;ZNF558;ZNF561;ZNF574;ZNF629;ZNF639;ZNF660;ZNF692;ZNF843;ZSCAN5C;ZXDB	LAMC1
57	cg08129092	3	TxWk	TxWk	H3K9me1	CEBPB;FOXO1;GFI1B;INTS13;RPA2;RUNX1T1;SPI1;ZBTB16;ZNF711	INTS3
58	cg22990967	3	Quies	Quies		ATF2;BACH1;BATF;BATF3;CD74;CHD7;E2F8;EBF1;ELF3;ETV6;EVI1;FOSL1;FOXM1;GATAD2B;IKZF2;IRF1;IRF2;IRF4;KMT2B-D;MEF2A;MEF2B;MITF;MLLT1;MTA3;NFATC3;NFIC;NIPBL;PRDM1;RAD51;SKIL;SMAD3;SMAD3-HIF1A;SND1;SOX10;SOX4;SPI1;SPIB;SRF;TRIM22;USF2;ZBTB2	TCP10L2
59	cg06541733	3	Quies	Quies		ATF2;BATF;CBX5;CHD7;ETV6;FOXM1;IKZF2;IRF4;MED12;MRTFB;MTA3;NANOG;NFATC3;NFIC;NFKB2;POU2F2;POU4F2;PSIP1;RAD51;RXRA;SKIL;SMARCA2;SOX2;TRIM22;ZBED1;ZBTB2;ZFP36	
60	cg14599823	3	EnhA1	Quies	H4K20me1	AFF1;ARID1B;ATF2;ATF3;ATF4;ATRX;BACH1;BNC2;BRD9;CASZ1;CBX2;CEBPB;CEBPG;CREB5;DDX20;E4F1;EBF3;EHF;FOS;FOSL1;FOSL2;FOXK2;FOXL2;FOXO1;FOXO1-PAX3;GATA2;GPS2;HAND2;HDAC3;HOXB8;ID3;IRF2BP2;ISL1;JUNB;JUND;LEF1;MED12;MED25;MEF2D;MITF;MRTFB;MTA2;MTA3;MYOG;NEUROG2;NFIC;NR2C1;NR2C2;PHIP;PHOX2B;PITX3;PPARG;RBFOX2;SHOX2;SMAD2-3;SMARCA2;SMARCC2;SMARCE1;SNAI2;SOX8;SS18;SS18-SSX;TCF21;TCF4;TEAD1;TEAD4;TOX2;TSHZ2;TWIST1;ZBTB20;ZBTB40;ZBTB42;ZEB2;ZFP3;ZNF175;ZNF184;ZNF215;ZNF24;ZNF30;ZNF300;ZNF311;ZNF335;ZNF35;ZNF366;ZNF513;ZNF518A;ZNF528;ZNF589;ZNF592;ZNF629;ZNF660;ZNF692;ZSCAN29	LHFPL2
61	cg13582950	3	Quies	Quies		NCOR1;TP73;ZFY;ZGPAT;ZNF407	POU2AF1
62	cg02394249	3	Quies	Quies	CENPA	ASCL1;ATF3;ATRX;BMPR1A;CASZ1;CBX3;CDKN1B;CHD7;DAXX;EHF;ELF3;ELK4;EPAS1;ETV1;ETV2;FOS;FOSL1;FOSL2;HDAC3;HIF1A;HMGB2;IRF1;JUN;JUNB;JUND;KLF14;KLF4;KMT2C;KMT2D;MAFB;MAML1;MGA;MRTFB;MYOD1;NCOA1;NFATC1;NFE2L2;NFIC;NR5A2;OLIG2;OSR2;PHIP;PPARG;RXRA;SMAD3-HIF1A;SMARCA2;SOX4;SS18;SS18-SSX;TCF21;TEAD1;TEAD4;TFEB;ZBTB21;ZBTB26;ZFP69B;ZMYND8;ZNF184;ZNF189;ZNF317;ZNF335;ZNF341;ZNF528;ZNF554;ZNF629;ZNF660;ZNF692;ZSCAN22	PLEKHG7
63	cg11191368	3	EnhA1	Enh	H3.3;H3F3A	ARNT;BAF155;CREB5;CTNNB1;ELK1;ETV4;FOXA1;FOXA2;FOXF1;HOXB13;HOXB8;KMT2D;OSR2;PGR;PHIP;PITX3;RAD51;SMARCD3;SOX2;SS18;TCF7L2;TLE3;UBN1;XBP1;ZBTB40;ZNF579	ZNF704
64	cg13305415	3	TxWk	Enh		CDKN1B;HAND2;IFNA1;IKZF3;KMT2D;RBFOX2;SMAD5;SUPT16H;TCF21;TWIST1;ZBTB42	SPRY4;ENSG00000277968
65	cg00710180	3	ReprPCWk	ReprPCWk		CHD4;CLOCK;DMAP1;DRAP1;FOXK1;FOXM1;GFI1;HMGXB4;HNRNPL;HOXA3;MITF;MLX;MXD4;NR2C2;NR2F6;OLIG2;PAXIP1;PHF21A;PPARG;RBBP4;RBM39;SAFB2;SIX1;SOX10;SOX13;TCF7;TFAP4;TFE3;THAP1;THRB;U2AF1;USF2;ZBTB7B;ZGPAT;ZNF175;ZNF276;ZNF407	
66	cg10495572	3	Quies	Quies	H2AK9ac;H2BK12ac;H2BK15ac;H2BK20ac;H3F3A;H3K4me1	CRY1;EBF1;HMGB2;IKZF2;IKZF3;IRF4;LMO1;MAF;NFATC3;NUTM1;RELB;SKIL;SPI1;TBX21;ZBTB40;ZNF687	
67	cg18019810	3	Quies	TxWk	H3K36me3B	ATF4;BMPR1A;CHD7;DNMT3B;EBF1;ELF3;KMT2B-D;LMO2;MED;NKX2-1;OLIG2;PARP1;RBM22;SOX2;ZBTB1	AGAP1
68	cg09237846	3	TssFlnkU	TssAFlnk		ARID3A;ARID5B;BACH1;BCL11B;BCL3;BHLHE22;BMI1;CD74;CDK7;CDK9;CHD7;E2F8;EBF1;ETV6;FOXM1;FOXO1;GATAD2B;HOXA9;IKZF2;IKZF3;JUNB;LDB1;LMO1;LMO2;MAF;MED;MEF2B;MEIS1;MITF;MLLT1;MTA2;MYB;MYOD1;NCOR1;NCOR2;NEUROG2;NFATC3;NFIC;PBX1;PBX3;PDX1;POU2F2;RBBP4;RBM22;RELB;RUNX1-3;RUNX1T1;RUNX2;SKIL;SMARCA2;SPI1;STAT5B;TAL1;TBX21;TCF3;TCF3-PBX1;TCF4;TCF7;TRIM22;ZBTB1;ZBTB40;ZFP36;ZIM3;ZMIZ1;ZNF207;ZNF341;ZNF384;ZNF687	CHST11
69	cg09452728	3	ReprPC	ReprPCWk		POU2F2;POU2F3	
70	cg00804179	3	Quies	Quies		ARNTL;CHD7;DNMT3B;GLIS2;GLIS3;HOXA3;OGG1;OLIG2;PITX3;PRDM10;RXR;SOX2;SOX3;TFIIIC	IQSEC1
71	cg01080927	3	Quies	Quies	H2BK12ac;H3K79me1;H3K9me1;H4	GSPT2;SNAPC4;TBL1X;ZNF41	RNF217
72	cg06059069	3	Quies	Quies	H1.0;H1.4;H2BK15ac	AFF1;IKZF3;MED;OLIG2;PBX1;SS18-SSX	SCG5;SCG5-AS1;ARHGAP11A-SCG5
73	cg22929787	3	TssFlnkU	TssAFlnk	H2AK5ac;H2AK9ac;H2BK120ac;H2BK12ac;H2BK15ac;H2BK20ac;H3;H3F3A;H3K27me3B;H3K36ac;H3K4me1;H4K91ac	AFF1;BRD1;BRD7;CDK7;CHD4;CREB3;CTBP2;DDX20;DIDO1;EED;EHF;ELF3;ESR2;FOSL1;HMGXB4;HSF1;HSF2;IFNA1;IRF1;KAT7;KDM3A;KLF6;MAFG;MBD3;MLLT1;MTA3;NFKBIZ;NFRKB;ONECUT2;PCGF1;PHIP;PRDM10;PRDM14;RYBP;SOX8;SRSF7;SSRP1;SUPT16H;TAF3;TAF7;TFDP2;XRCC5;ZBTB26;ZBTB40;ZBTB7B;ZNF175;ZNF274;ZNF366;ZNF407;ZNF44;ZNF579;ZNF589;ZNF592;ZNF598;ZNF786;ZNF883	SPRY4-AS1
74	cg18973247	3	EnhA1	EnhG	H2AK5ac;H2AK9ac;H2BK120ac;H2BK15ac;H2BK20ac	AFF1;ARID1B;ARID5B;ASH1L;ASH2L;ATF2;ATF4;ATF7;ATRX;BACH2;BCL6;BCLAF1;BICRA;BRD9;CASZ1;CBFA2T2;CBFA2T3;CBX2;CBX3;CBX5;CD74;CDK7;CDK8;CDK9;CEBPA;CEBPB;CHAMP1;CHD7;CREB3L1;CREBBP;CREM;DDX20;DIDO1;DNMT1;DNMT3B;E2F8;E4F1;EBF1;EED;EHF;ELF1;ELF3;ELF4;ELK1;ELK4;EP300;ERF;ERG;ETS1;ETV1;ETV2;ETV6;EVI1;EZH1;FLI1;FOS;FOSL1;FOXK2;FOXL2;FOXM1;FOXO1;FOXP1;GABPA;GABPB1;GATA2;GFI1B;HDAC8;HDGF;HIF1A;HMBOX1;HMGB2;ID3;IKZF1;IKZF2;IKZF3;ILF3;INTS13;IRF1;IRF2;IRF4;JMJD1C;JUN;JUNB;KDM1A;KLF13;KLF4;KMT2B;KMT2B-D;LDB1;LEF1;LMO1;LMO2;LYL1;MAF;MAFK;MED;MED1;MEF2A;MEF2B;MEF2C;MEF2D;MLLT1;MLLT3;MRTFA;MRTFB;MTA2;MTA3;MYB;MYOG;NANOG;NBN;NCOA1;NCOA2;NCOR1;NCOR2;NFATC1;NFATC2;NFATC3;NFE2;NFIC;NFRKB;NFXL1;NKX3-1;NOTCH1;NR2F2;NR3C1;NR4A1;PAF1;PBX1;PBX3;PGR;PITX3;PKNOX1;PML;PRDM1;PTBP1;RAD51;RARA;RBM25;RBM39;RBPJ;RCOR1;RELA;RELB;RUNX1;RUNX1T1;RUNX2;RXR;RXRA;SETDB1;SKIL;SMAD3-HIF1A;SMARCA5;SMARCE1;SNAI2;SOX4;SPI1;SPIB;SSRP1;STAT1;STAT3;STAT5A;TAL1;TBX21;TCF3;TEAD1;TEAD4;TFAP4;TFDP1;TFEB;TP53;TRIM22;TRIM28;XRCC5;ZBTB11;ZBTB16;ZBTB2;ZBTB20;ZBTB40;ZFP36;ZFP64;ZGPAT;ZHX1;ZMIZ1;ZMYM3;ZMYND8;ZNF143;ZNF148;ZNF175;ZNF18;ZNF184;ZNF207;ZNF3;ZNF316;ZNF341;ZNF407;ZNF550;ZNF592;ZNF639;ZNF92;ZSCAN29	ARID1A
75	cg15384589	3	Quies	Quies		AHR;ATRX;CDK6;CHD4;CRY2;ESRRG;FOXF1;GPS2;HDAC3;KMT2C;KMT2D;MED12;PAX3-FOXO1;PPARG;SMARCA2;SOX2;SOX8;TP53;TP63;TP73;ZFP3	
76	cg11688548	4	Quies	TxWk	H3K27me1	NCOA3;PRDM14	ERC1;ENSG00000249028
77	cg02962952	4	ReprPC	ReprPCWk	H2AK119	CBFA2T2;CBX2;CHD7;HEXIM1;HIF3A;NFATC3;OGG1;RXR;SALL3;TAF15;USF2;ZFP57;ZNF274;ZNF737;ZNF891	
78	cg02762546	4	TssFlnkU	Enh	H3F3A	GTF3C2;HDGF;KAT7;ZNF335	HDAC11-AS1
79	cg18469159	4	EnhA1	Enh	H2AK9ac;H2BK12ac;H3K79me1;HistoneLysineCrotonylation	HNRNPH1;KAT7;SAFB2;TRIM25	RPTOR
80	cg01412419	4	Quies	Quies		CHD4;CRX;CTBP2;EBF1;HIVEP1;MAF;MEF2D;MRTFB;MYF5;MYOD1;NFATC3;OTX2;PAX3-FOXO1;PAX7;PBX1;RBBP4;RFX5;RORB;SREBF2;USF2;ZNF711;ZNF891	
81	cg08549332	4	TxWk	TxWk		HAND2;IFNA1;KAT7;NEUROG2;PITX3;PLAG1;PTBP1;RBM22;RING1;SOX4;SRSF3;T;TCF4;TSHZ2;TWIST1	CUX1
82	cg25029197	4	ReprPCWk	ReprPCWk	H3K79me1;H4K20me3	ATOH8;DNMT3B;EHF;ELF3;FOXF2;GATAD2B;HOXB5;OGG1;PARP1;PBX1;PBX3;PRDM1;RXR;SIX5;SPDEF;TCF4;ZMYND11;ZNF624;ZNF891	KRT7;KRT7-AS
83	cg07520687	4	Quies	Quies	H2BK20ac	NCOR2;ZIM3	
84	cg01313176	4	Quies	Quies		ONECUT2;ZNF341	PARD3
85	cg18865419	4	TxWk	TxWk		DNMT3B;HEXIM1;OGG1;RBM22;RXR;TP63	KDM4B
86	cg12307237	4	Quies	Quies		TFDP1	ADAMTS2
87	cg02275396	4	Quies	Quies		ZNF623	WIZ
88	cg05473987	4	TxWk	TxWk	H2Bub	ARID1B;CBFA2T3;E4F1;GABPB1;GATA2;HDGF;HMGB2;HNRNPUL1;ID3;KAT7;KLF13;LDB1;LEF1;MEIS2;MTA3;NFATC3;PBX2;PKNOX1;RBFOX2;RUNX2;SHOX2;SMARCE1;ZBTB40;ZKSCAN8;ZNF184;ZNF282;ZNF311;ZNF589	DAP
89	cg10165952	4	EnhWk	Enh	H3K27me1;H4K5ac_H4K8ac_H4K12ac_H4K16ac	AR;ARID1B;BCLAF1;ELF3;FOXO1;GLIS1;GLIS3;HEXIM1;HNF4G;HNRNPL;KLF17;MBD2;MBD3;MTA1;NEUROG2;NR3C1;NRIP1;OGG1;PGR;RARA;RBFOX2;RFX1;RUNX1T1;RXR;SIRT6;SMARCA5;TFAP2C;ZBTB48;ZNF444;ZNF512B;ZNF883	CA4
90	cg16293118	4	Quies	Quies	H1.0;H1.4;HistoneLysineCrotonylation	GTF3C2;JMJD6;NEUROG2;OGG1;OLIG2	ITGBL1
91	cg10007222	4	Quies	Quies			
92	cg09777237	4	EnhWk	Enh		CBX2;CBX8;GLIS1;HCFC1R1;ZBTB7B	ELN
93	cg26794812	4	Quies	Quies		GLIS1;NFATC3;PAX3-FOXO1;SRSF1;TBL1X	FAM169B
94	cg25920191	4	Quies	Quies	H1.0;H1.4;H3K27me1;H3K27me3B	CBFA2T2;CBX2;CRY1;NEUROG2;PRDM14;TBL1X;ZBTB5	
95	cg15739881	4	TxWk	TxWk			SLC22A18;SLC22A18AS
96	cg13158604	4	Quies	Quies		DNMT3B;GFI1;HEXIM1;OGG1	COL26A1
97	cg14603420	4	ZNF/Rpts	Quies			DLGAP2
98	cg16900264	4	Quies	Quies		CASZ1;FOXM1;KMT2C;MED12;NEUROD1;NFIC;SETDB1;TEAD1;UBN1;ZNF485;ZNF736;ZNF92	DRAIC
99	cg15984596	4	Quies	Quies		ZNF891	TMEM179
100	cg10565216	4	Quies	Quies		HIVEP1;HNRNPL;NFATC3;PGR;PLAG1;PRDM14	PEBP4
101	cg26032151	4	ReprPCWk	ReprPCWk		OGG1;RUNX2;SS18-SSX;TRIM25	GALNT9
102	cg17311022	4	Quies	TxWk		ATRX;BNC2;CREB5;CSDC2;EBF3;ESRRG;FOXM1;GATA3;GATA4;GLIS3;HAND2;ISL1;MAML3;MED12;MYOG;NFIC;NKX2-5;PGR;PHOX2B;PITX3;RARA;RXRA;TBX2;TBX5;TCF4;TOX2;TSHZ2;TWIST1;YAP1;ZFP3;ZFP69B	POPDC2;COX17
103	cg00683329	4	ReprPC	ReprPC		EBF1;EPAS1;EVI1;HOXA3;KAT7;LMO2;MECOM;PTBP1;RBM39;RUNX2;SS18;SS18-SSX;ZNF598	
104	cg15360478	4	Quies	Quies		HAND2;NUTM1;ZNF550	
105	cg14373403	4	Quies	Quies	H1.4;H3F3A;H3K27me3B	CBX2;CBX8;NEUROG2;RBBP4	ENSG00000225879
106	cg25354926	4	ReprPC	ReprPCWk		HCFC1R1;RXR;TCF7;ZNF3	CPLX1
107	cg21396630	4	Quies	Quies			RIMKLA
108	cg24447788	4	TxWk	Quies	H3K27me1	ARID1B;BCL3;HNRNPL;HOXA3;IFNA1;IKZF3;MNX1;OGG1;PRDM10;PRDM14;PTBP1;RBM39;SMAD2-3;TAF15;ZBTB2;ZBTB7B;ZGPAT;ZNF274;ZNF3;ZNF407;ZNF445;ZNF598;ZNF883	
109	cg16362786	4	EnhA1	TxWk	H3.3	DNMT3B;E2F8;GLIS1;HIVEP1;KLF3;KLF8;NKX2-1;NUTM1;PATZ1;PLAG1;RBM22;RPA2;WT1;ZMYND11;ZNF341	PDXK
110	cg24765446	4	ReprPCWk	ReprPCWk		CBFA2T2;MTF2;PHF19	WFDC6;EPPIN-WFDC6
111	cg08758887	4	Quies	Quies	H2AK5ac;H2BK12ac;H2BK15ac;H3K27me1;H3K79me1;HistoneLysineAcetylation	BRF1;EOMES;GSPT2;GTF3C2;HIVEP1;HOXA3;KDM4A;MNX1;OGG1;SALL3;SRSF3;T;TBL1X;TRIM28;ZBTB8A;ZGPAT;ZNF274;ZNF276;ZNF407;ZNF572;ZNF598;ZNF605;ZNF883	
112	cg10538440	4	ReprPC	ReprPCWk		APC;CBX2	SIM2
113	cg22070156	4	Quies	Quies	H1.0;H1.4;HistoneLysineCrotonylation	GTF3C2;JMJD6;NEUROG2;OGG1;OLIG2	ITGBL1
114	cg07291601	4	EnhA1	Enh	H2AK5ac;H2BK12ac;HistoneLysineCrotonylation	CHD4;HDAC8;HDGF;HIVEP1;HNRNPL;KLF17;MTA2;MTA3;PARP1;PKNOX1;PTBP1;SREBF2;TAF15;ZBTB2;ZNF407;ZNF550;ZNF572	SLC22A18;SLC22A18AS
115	cg13951488	4	ReprPCWk	ReprPCWk		DNMT3B;HCFC1R1;OGG1;RORC	NPTX2
116	cg01535838	4	Quies	Quies			CAMTA1
117	cg06153925	4	TxWk	TxWk		KAT7;LDB1;PTBP1;RBM22	RPTOR
118	cg27317127	4	ReprPCWk	ReprPCWk	H3K27me1	DNMT3B;OGG1;RXR	JAKMIP1;C4orf50
119	cg12148515	4	Quies	Quies			ANK1
120	cg02438481	4	ReprPCWk	ReprPCWk		CBX8;GATA2;GATA3;HMBOX1	ENSG00000285212
121	cg19743103	5	ReprPC	ReprPC		HEXIM1;PLAG1;RORC;SAP30;SS18-SSX	
122	cg06599209	5	TssFlnkU	TssA	H4K20me1	BNC2;CDKN1B;CREB5;EBF1;IKZF1;MEF2B;MRTFB;PBX1;RBBP4;RYBP;SUPT16H;VDR;ZNF37A;ZNF479	PXDN
123	cg14515996	5	TssFlnkU	TssAFlnk	CENPA;H2AK9ac;H2AZac;H2AZK4ac_H2AZK7ac_H2AZK11ac;H2BK120ac;H3.3;H3.3,H2A.Z;H3F3A;H3K122ac;H3K23me2;H3K79me1;H3K9me1;H4K5ac	AHR;AR;ARID1A;ARID1B;ARID3A;ASH2L;ASXL3;ATF2;ATF3;ATF4;ATXN7L3;BACH1;BACH2;BAF155;BCL3;BCLAF1;BRD3;BRD7;BRD9;CASZ1;CBFA2T2;CBFA2T3;CBX2;CCAR2;CCNT2;CDKN1B;CEBPA;CEBPB;CEBPD;CEBPG;CHAMP1;CHD4;CHD7;CREB3L1;CREBBP;CTNNB1;DAXX;DDX20;DMAP1;DRAP1;E2F7;E2F8;E4F1;EGR1;EHF;ELF3;ELF4;ELK1;EP300;EP400;EPAS1;ETV1;ETV4;EVI1;FLI1;FOS;FOSL1;FOSL2;FOXA1;FOXA2;FOXK2;FOXM1;FOXO1-PAX3;FOXP2;FOXP4;GABPB1;GATA1;GATAD2A;GATAD2B;GFI1B;GLIS1;GLIS3;GTF2B;HDAC1;HDAC2;HDAC3;HEXIM1;HIF1A;HMBOX1;HMGB2;HNF4G;HNRNPH1;HOXA3;HOXB13;HOXB8;ID3;ILF3;INTS11;INTS13;IRF2;IRF2BP2;IRF9;JMJD1C;JUN;JUNB;JUND;KAT2A;KAT7;KDM4B;KLF13;KLF16;KLF3;KLF4;KLF5;KLF6;KMT2B-D;KMT2C;KMT2D;LDB1;LEF1;LIN54;LMO2;LYL1;MAFF;MAFG;MAFK;MAML1;MBD2;MED12;MED25;MED26;MEF2D;MEIS2;MITF;MRTFA;MRTFB;MTA3;MYBL2;MYF5;MYOD1;NANOG;NCOA1;NCOA2;NCOR1;NCOR2;NELFCD;NFATC1;NFATC3;NFE2;NFE2L2;NFIC;NFKBIZ;NIPBL;NKX2-1;NOTCH1;NR1H2;NR2C2;NR2F2;NR2F6;NR3C1;NR4A1;NR5A2;PAF1;PGR;PHIP;PML;POU4F2;PPARG;PRDM10;PRDM14;PROX1;RBBP5;RUVBL2;RXR;SAFB;SALL3;SHOX2;SIX1;SIX5;SMAD1;SMAD3;SMAD3-EPAS1;SMAD3-HIF1A;SMAD5;SMARCA2;SMARCA4;SMARCC2;SNAI2;SOX21;SOX4;SOX6;SPDEF;SPI1;STAG2;STAT5A;TAF7;TAF9B;TAL1;TBL1XR1;TCF3;TEAD1;TP53;TP63;TRIM28;UBN1;UBTF;VEZF1;XBP1;XRCC5;ZBED1;ZBTB11;ZBTB12;ZBTB2;ZBTB24;ZBTB7B;ZEB2;ZGPAT;ZKSCAN1;ZKSCAN8;ZMIZ1;ZMYND8;ZNF12;ZNF148;ZNF175;ZNF18;ZNF184;ZNF189;ZNF2;ZNF207;ZNF239;ZNF257;ZNF281;ZNF311;ZNF318;ZNF324;ZNF366;ZNF407;ZNF41;ZNF410;ZNF449;ZNF462;ZNF554;ZNF561;ZNF598;ZNF639;ZNF660;ZNF79;ZNF883;ZSCAN29	
124	cg05336982	5	Quies	Enh	H1.2	AFF1;AFF4;AHR;APC;ARID1A;ARID1B;ARID3A;ATF2;ATF3;ATF7;ATOH8;ATRX;ATXN7L3;BACH1;BACH2;BATF;BCL11A;BCL3;BCL6;BCOR;BICRA;BMPR1A;BRCA1;BRD9;CASZ1;CBFA2T3;CBX3;CCAR2;CD74;CDK6;CDK7;CDK8;CDK9;CDKN1B;CDX2;CEBPA;CEBPB;CHD4;CHD7;CLOCK;CREBBP;CREM;CSDC2;CTBP1;DAXX;DEK;DNMT3B;DPF2;DRAP1;E2F7;E2F8;E4F1;EBF1;EED;EGR1;EHF;ELF3;ELK1;ELL2;EP300;EP400;EPAS1;ERF;ERG;ESR2;ESRRA;ETS1;ETV1;ETV4;ETV6;EVI1;FLI1;FOS;FOSL1;FOSL2;FOXA2;FOXK2;FOXL2;FOXM1;FOXO1;FOXP1;FOXP2;FOXP4;GABPA;GABPB1;GATA1;GATA2;GATAD1;GATAD2B;GFI1B;GLIS1;GLIS2;GTF2B;HDAC2;HDAC3;HDGF;HEXIM1;HIC1;HIF1A;HMGB2;HMGXB4;HNF1B;HNF4A;HOXB8;HSF1;ID3;IKZF1;IKZF2;IKZF3;ILF3;INSM2;IRF1;IRF2;IRF2BP2;IRF4;JMJD1C;JUN;JUNB;JUND;KAT2A;KDM1A;KDM4B;KLF1;KLF10;KLF16;KLF17;KLF3;KLF8;KMT2B-D;KMT2C;KMT2D;LDB1;LEF1;MAF;MAFF;MAFG;MAFK;MAML1;MBD1;MBD2;MECOM;MED;MED12;MEF2A;MEF2B;MEIS1;MGA;MITF;MLLT1;MRTFA;MRTFB;MTA1;MTA2;MTA3;MYOD1;NANOG;NBN;NCOA1;NCOR1;NELFCD;NEUROG2;NFATC1;NFATC2;NFATC3;NFE2;NFE2L2;NFIA;NFIC;NFKB1;NFKBIZ;NFRKB;NIPBL;NKX2-1;NR1H2;NR2C1;NR2C2;NR2F1;NR2F2;NR3C1;NR4A1;NRF1;NRIP1;PARP1;PATZ1;PAX6;PAXIP1;PBX3;PCGF1;PCGF2;PGR;PKNOX1;PLAG1;PPARG;PRDM1;PRDM10;PRDM4;PROX1;RAD21;RAD51;RARA;RBBP5;RBFOX2;RCOR1;RELA;RELB;REST;RFX5;RUNX1T1;RXR;RXRA;SKIL;SMAD2;SMAD2-3;SMAD3;SMAD3-HIF1A;SMAD4;SMARCA2;SMARCA4;SMARCB1;SMARCC1;SMARCC2;SMARCD3;SMARCE1;SMC1A;SMC3;SNAI2;SOX2;SOX4;SOX8;SOX9;SP3;SP5;SP7;SPDEF;SPI1;SPIB;SRC;SREBF1;SRF;SRSF1;SS18;SS18-SSX;STAG2;STAT3;STAT5A;STAT5B;SUPT6H;TAF3;TAF9B;TBL1X;TBL1XR1;TBX21;TBX5;TCF12;TCF25;TCF3;TCF7L2;TEAD1;TEAD2;TEAD4;TERF1;TERF2;TFAP4;TFE3;TFEB;TP53;TP63;TRIM22;TRIM28;U2AF1;UBN1;UBTF;USF1;USF2;VDR;VEZF1;WT1;XRCC5;YAP1;YY1AP1;YY2;ZBED1;ZBTB11;ZBTB12;ZBTB2;ZBTB20;ZBTB21;ZBTB33;ZBTB40;ZBTB7B;ZEB2;ZFP3;ZFP36;ZFP37;ZFP69B;ZGPAT;ZHX1;ZMYND8;ZNF10;ZNF12;ZNF175;ZNF18;ZNF184;ZNF189;ZNF2;ZNF213;ZNF217;ZNF24;ZNF274;ZNF281;ZNF317;ZNF318;ZNF324;ZNF335;ZNF341;ZNF366;ZNF384;ZNF394;ZNF398;ZNF407;ZNF462;ZNF467;ZNF479;ZNF513;ZNF518A;ZNF554;ZNF558;ZNF561;ZNF589;ZNF592;ZNF597;ZNF629;ZNF639;ZNF660;ZNF692;ZNF695;ZNF740;ZNF750;ZNF843;ZNF883;ZSCAN21;ZSCAN22;ZSCAN31;ZXDB	
125	cg00978584	5	TssA	TssA	H2AFZ;H2AZac;H2AZK4ac_H2AZK7ac_H2AZK11ac;H2BK120ac;H2BK15ac;H2BK20ac;H3.3;H3F3A;H3K122ac;H3K18cr;H3K23me2;H3K27ac;H3K56ac;H4K5ac;H4K8ac;H4K91ac	AFF1;AFF4;AHR;ARID1A;ARID1B;ARID4A;ARID5B;ARNT;ASH2L;ATF2;ATF3;ATRX;BAF155;BCL11B;BCL6;BCOR;BRD2;BRD9;CD74;CHD4;CHD7;CLOCK;CREB3;CREB3L1;CREBBP;CREM;DMAP1;DPF2;DRAP1;E2F6;E2F8;E4F1;ELF4;EP400;ESRRA;ETS1;ETV4;ETV6;EVI1;FLI1;FOS;FOSL1;FOSL2;FOXA2;FOXK1;FOXK2;FOXM1;FOXP1;FOXP4;GABPA;GABPB1;GATAD2B;GTF2B;GTF2F1;HDAC8;HDGF;HNF1B;IKZF1;IKZF2;IKZF3;ILF3;INO80;INTS13;IRF1;IRF4;JMJD1C;JUN;JUNB;JUND;KLF17;KLF5;KLF6;KMT2A;KMT2B-D;L3MBTL2;LEF1;LMO1;LYL1;MAF;MAX;MED;MEF2A;MEF2B;MLX;MNT;MRTFB;MTA3;MXD4;MYB;MYBL2;NCBP1;NCOR1;NELFCD;NFATC1;NFE2;NFKB2;NFYC;NIPBL;NKX2-1;NOTCH1;NR1H2;NR2C2;NR4A1;PAF1;PATZ1;PAX8;PAXIP1;PCBP2;PGR;PHF5A;PHF8;PPARG;PRDM1;PRDM10;PRDM6;RAD51;RBFOX2;RBPJ;RELA;RUNX2;RXRA;SETDB1;SFPQ;SIX1;SKIL;SMAD3;SMAD5;SMARCA2;SMARCC2;SMARCD3;SOX4;SOX8;SP140L;SP7;SPI1;SPIB;STAG2;STAT3;STAT5B;SUPT5H;SUPT6H;TAF3;TAF7;TBX21;TCF3;TCF7;TEAD1;TFDP2;TFE3;THRB;TP53;TP63;TRIM22;TRIM28;UBN1;VDR;WT1;XBP1;XRCC5;ZBED1;ZBTB11;ZBTB12;ZBTB20;ZBTB24;ZBTB40;ZEB2;ZFP64;ZFP69B;ZFP91;ZGPAT;ZMIZ1;ZMYND8;ZNF10;ZNF121;ZNF175;ZNF189;ZNF2;ZNF3;ZNF30;ZNF335;ZNF337;ZNF341;ZNF362;ZNF366;ZNF444;ZNF518A;ZNF579;ZNF629;ZNF652;ZNF660;ZNF692;ZNF750;ZNF770;ZSCAN29;ZSCAN30;ZXDB	CASP8
126	cg23082387	5	Quies	Quies	CENPA	AFF1;ARID4A;ARRB1;BRD7;CREB5;DEK;DLX6;DMAP1;DNMT3B;DRAP1;EHMT2;ELL2;FOXK1;FOXP4;HBP1;HIVEP1;HLF;HMGXB4;HOXA3;ILF3;ISL2;KDM3A;MBD1;MEF2A;MIER1;MLX;MNX1;MXD4;NFAT5;NFKBIZ;NFYC;NR4A1;ONECUT2;PARP1;PAXIP1;PHF5A;PPARG;PRDM10;PRDM15;PRMT5;RCOR1;REST;RFX3;RFXAP;RUNX2;SAP30;SIX1;SMARCC2;SMARCD3;SMC1A-B;SP140L;SP5;SPDEF;SPI1;SRF;TCF25;TFDP2;TFE3;TGIF2;THRB;TRIM28;XRCC5;ZBED4;ZBTB21;ZBTB24;ZBTB40;ZBTB7B;ZFP37;ZGPAT;ZNF12;ZNF142;ZNF143;ZNF175;ZNF189;ZNF224;ZNF232;ZNF256;ZNF263;ZNF264;ZNF274;ZNF276;ZNF3;ZNF337;ZNF391;ZNF407;ZNF44;ZNF440;ZNF479;ZNF550;ZNF554;ZNF585A;ZNF585B;ZNF589;ZNF609;ZNF644;ZNF652;ZNF675;ZNF697;ZNF737;ZNF750;ZNF765;ZNF766;ZNF777;ZNF786;ZNF800;ZNF823;ZNF883;ZNF891	CAMTA1
127	cg18164784	6	ZNF/Rpts	ZNF/Rpts	H4K12ac	ATRX;BICRA;EHMT2;ETV4;KDM5A;MRTFB;PITX3;SETDB1;SPDEF;STAG1;ZBTB2;ZNF574;ZNF654	PCDHGA2;PCDHGA1;PCDHGA5;PCDHGA6;PCDHGB2;PCDHGB1;PCDHGA3;PCDHGB3;PCDHGA4
128	cg22029157	6	TssFlnkU	TssAFlnk	H1.0;H1.4;H2A;H2AFZ;H2AZK4ac_H2AZK7ac_H2AZK11ac;H2BK15ac;H3K122ac	AFF1;AHR;ARID3A;ASXL1;ASXL3;ATF1;ATF2;ATXN7L3;BAF155;BCL11A;BCOR;CDKN1B;CREB1;CREB3L1;CTBP2;E4F1;ELF3;ETV4;EZH1;FOXK2;GFI1B;GRHL2;GTF3C2;HDAC8;HDGF;HEXIM1;HMGN3;ID3;IKZF1;ILF3;IRF1;IRF2;KDM5A;KLF1;KLF12;KLF13;KLF16;KLF5;KLF8;KMT2B-D;MAF;MAFB;MAML1;MBD2;MTA3;NCBP1;NELFCD;NFATC1;NFE2;NFKB1;NR1H2;OGG1;PAF1;PARP1;PATZ1;PCGF1;PDX1;PHIP;PLAG1;POU2F1;RBBP5;RBFOX2;RYBP;SKIL;SMAD3-HIF1A;SMAD5;SMARCC2;SMARCE1;SP1;SP3;SP4;SP7;SREBF1;SREBP2;STAT1;STAT5B;SUPT6H;TAF3;TFAP4;TFDP1;TLE3;TOP1;TRIM28;UBTF;USF2;VDR;WDR5;XRCC5;ZBED1;ZBTB40;ZEB1;ZEB2;ZFP36;ZFP37;ZFP69B;ZKSCAN1;ZNF189;ZNF2;ZNF24;ZNF3;ZNF335;ZNF366;ZNF528;ZNF561;ZNF671;ZNF692;ZNF711;ZNF843;ZSCAN21;ZSCAN22;ZSCAN29;ZXDB	
129	cg23514016	6	ReprPC	ReprPC	H3K23me2;H3K27me3;H3K27me3B;H3K9me2;H4K20me3	ARID4A;CTBP2;DRAP1;FOXK1;GATA4;HEXIM1;HIVEP1;HMGXB4;HNF4G;HOXA3;IFNA1;INO80;KDM3A;KDM4A;KDM6B;LIN54;MNX1;NFAT5;OGG1;PAXIP1;PCGF1;PLAG1;PPARG;PTBP1;RAD51;RBM39;RFXAP;RORC;RYBP;SP5;SRSF1;SRSF7;TAF15;TBL1X;TFDP2;TRIM25;ZBED4;ZBTB7B;ZGPAT;ZNF142;ZNF276;ZNF407;ZNF609;ZNF800;ZNF891	DMGDH
130	cg11563680	6	ReprPC	ReprPC	H1.0;H2AK119	AATF;CBFA2T2;CTBP2;GTF3C2;HEXIM1;JARID2;KDM4A;KDM6B;NANOG;OGG1;PAX3-FOXO1;PRDM14;PTBP1;RARA;RORC;RXR;RYBP;SALL3;SUZ12;T;TAF15;TBL1X;TCF7;TRIM25	
131	cg13279673	6	ReprPC	ReprPC	H1.0;H3K27me3;H4	CHD7;CTBP2;GLIS3;GTF2B;GTF3C2;HIVEP1;JARID2;RYBP;SAP30;SMAD2-3;TAF15;TET2;ZNF572;ZNF891	
132	cg08589077	6	EnhBiv	EnhBiv	H2AK119;H3K27me3	AGO1;ARID4B;ATRX;CBFA2T2;CBX1;CUX1;EED;EHMT2;EZH2;HDAC1;HNRNPLL;INO80;JARID2;KDM6B;KLF13;KLF3;MBD3;MIER1;MTA1;MYOCD;MYOD1;OGG1;PTBP1;REST;RYBP;SAP30;SRSF7;SUZ12;TP63;ZNF407	ENSG00000267095
133	cg17514558	6	ZNF/Rpts	Het	H1.0;H3K9me3;H4;H4K20me3	OGG1;RORC;RXR;TFIIIC	PCDHB19P;ENSG00000279983;ENSG00000280029
134	cg06635722	6	ReprPC	ReprPC		CTBP2;GTF3C2;RYBP;SMAD2	LINC01097
135	cg22442454	6	TssBiv	TssA	CENPA;H1.0;H1.4;H2AK119;H3K27me1;H3K36me2;H3K4me3B;H4	ARID4B;ASCL1;ATF1;ATF2;ATXN7L3;BAF155;CCNT2;CDKN1B;CHD8;CREB1;CREB3L1;CTBP2;CXXC5;ETV4;GFI1B;GRHL2;GSPT2;GTF2F1;HEXIM1;HIC1;HIF1A;HMGN3;ILF3;IRF1;KDM6B;KLF12;KLF5;KLF8;MAF1;MAFB;MAML1;MBD2;MTA3;MTF2;NCBP1;NELFCD;NFATC1;NR1H2;OGG1;PAF1;PARP1;PCGF1;PLAG1;RBFOX2;RYBP;SIRT6;SKIL;SMAD3-HIF1A;SNAI2;SNAPC1;SP1;SP3;SP4;SREBP2;STAT5B;SUPT6H;TAF15;TAF3;TAF7;TBL1X;TET2;TFAP4;TFIIIC;TP63;TRIM24;TRIM25;VDR;WDR5;XBP1;ZEB1;ZEB2;ZFP69B;ZIC2;ZIC5;ZNF189;ZNF2;ZNF3;ZNF528;ZNF711;ZNF843;ZXDB	IRF6
136	cg05139788	6	ReprPC	ReprPC		JARID2;PCBP2;ZNF148	TFAP2D
137	cg14823851	6	ReprPC	ReprPC		ARNTL;CBX4;CTBP2;DMAP1;DNMT3B;FOXJ3;FOXK1;FOXP4;FUS;GATA4;GATA6;HEXIM1;HIF3A;HIVEP1;HNRNPC;HNRNPL;HNRNPUL1;HOXA3;ISL2;KDM3A;MBD1;MBD3;MCRS1;MLX;MNX1;MXD4;MYOCD;NANOG;NCAPH2;NFAT5;NFATC3;OGG1;PAXIP1;PCBP1;PHF21A;PRDM10;PRDM14;PRDM15;PREB;PRPF4;RBM39;RFX5;RORC;RXR;SIRT6;SMAD4;SP140L;SRSF1;SUZ12;TAF15;TFDP2;TP63;TRIM25;U2AF1;WDR5;ZBED4;ZBTB33;ZBTB7B;ZGPAT;ZHX2;ZNF142;ZNF202;ZNF232;ZNF256;ZNF274;ZNF276;ZNF407;ZNF44;ZNF550;ZNF572;ZNF598;ZNF697;ZNF737;ZNF777;ZNF883;ZNF891	TBX4
138	cg11770080	6	TssBiv	ReprPC	H1.0;H1.4;H3K23me2;H3K27me3	CBX2;DMAP1;EZH2;HEXIM1;HIF3A;HIVEP1;HMGXB4;HOXA3;INO80;JARID2;KDM3A;KDM6B;LIN54;MAF1;MNX1;MXD4;OGG1;OLIG2;PCGF1;PRDM10;PRDM14;PTBP1;RBM39;RORC;RXR;RYBP;SUZ12;TET2;TFDP2;TFIIIC;TRIM25;WDR5;ZBTB2;ZBTB7B;ZGPAT;ZNF274;ZNF276;ZNF407;ZNF44;ZNF572;ZNF598;ZNF777;ZNF800;ZNF883;ZNF891	DMGDH;BHMT
139	cg23398076	7	TssBiv	TssA	H2AK9ac;H2BK120ub;H3K27me1;H3K27me3B;H3K36me2;HistoneLysineCrotonylation	CBX7;CTBP2;ESRRG;JARID2;KAT7;MED;MEN1;NOTCH3;NR4A1;NUTM1;PCGF2;PITX3;RPA2;RYBP;SOX4;TBX5;ZNF335;ZNF711	MEIS1
140	cg05496203	7	TssBiv	TssA		CBX7;CTBP2;EHF;ELF3;KAT7;MED;NUTM1;PCGF2;PITX3;SALL3;TBX5;ZNF133;ZNF335;ZNF711	MEIS1
141	cg16927242	7	TssBiv	TssA		EHF;ELF3;MED;NUTM1;PCGF2;TBX5;ZNF335;ZNF366;ZNF711	MEIS1
142	cg00995986	7	TssBiv	TssA		E2F7;KAT7;MED;PCGF2;RPA2;RYBP;SOX2;SOX4;TBX5;ZBED2	MEIS1
143	cg06796713	7	TssBiv	TssA	H2AK9ac;H2BK120ub;H3K27me1;H3K36me2;HistoneLysineCrotonylation	CBX7;CTBP2;EHF;JARID2;KAT7;MED;MEN1;NOTCH3;NR4A1;NUTM1;PCGF2;PITX3;RPA2;RYBP;SALL3;SOX4;TBX5;ZNF133;ZNF335;ZNF711	MEIS1
144	cg07809589	7	TssBiv	TssA		EHF;ELF3;IRF1;MED;NUTM1;PCGF2;RYBP;TBX5;UBN1;ZNF335;ZNF362;ZNF366;ZNF384;ZNF512;ZNF711	MEIS1
145	cg12500879	8	ReprPC	ReprPC	H2AK119	CTBP2;EED;EZH1;HEXIM1;HIF3A;JARID2;KDM4A;MNX1;OGG1;OLIG2;RORC;RXR;SALL3;SRSF3;SUZ12;TEAD1;TFIIIC;TRIM25;WDR5;ZNF407;ZNF883	PAUPAR;ENSG00000285283
146	cg13502741	8	ReprPC	ReprPC		EED;EZH1;HIF3A;JARID2;OGG1;RORC;SRSF3;SUZ12;TFIIIC;WDR5	PAUPAR;ENSG00000285283
147	cg24616539	8	ReprPC	ReprPC	H2AK119	CTBP2;HIF3A;JARID2;KDM4A;OLIG2;RORC;SALL3;SMAD2-3;SUZ12;WDR5	PAUPAR;ENSG00000285283
148	cg10950661	8	ReprPC	ReprPC		CTBP2;EED;FOXL2;HIF3A;HNRNPH1;NKX3-1;PCGF2;ZFP36;ZIM3	PAUPAR;ENSG00000285283
149	cg21117210	8	ReprPC	ReprPC		EED;FOXL2;HIF3A;NKX3-1;PCGF2;ZFP36;ZIM3	PAUPAR;ENSG00000285283
150	cg14380094	8	ReprPC	ReprPC		CTBP2;EED;HIF3A;HNRNPH1;JARID2;NKX3-1;PCGF2;PDX1;SMAD2-3;ZFP36;ZIM3	PAUPAR;ENSG00000285283
151	cg11667086	8	ReprPC	ReprPC		CTBP2;EED;EZH1;HEXIM1;HIF3A;JARID2;KDM4A;OGG1;OLIG2;RORC;SRSF3;SUZ12;TEAD1;TFIIIC;TRIM25;WDR5;ZNF407	PAUPAR;ENSG00000285283
152	cg16616521	9	ReprPC	ReprPC		CTBP2;HEXIM1;JARID2;OGG1;PCGF2;PDX1;RING1;RORC;TAF15;WDR5	PAX6
153	cg04938549	9	ReprPC	ReprPC		AFF1;CDK7;CTBP2;KLF16;LMO1;MTF2;PHF19;RUNX1T1;RUNX2;SMAD2-3;SS18;UBTF	PAX6
154	cg03905867	9	EnhBiv	EnhBiv		CBX7;CTBP2;JARID2;MTF2;NKX3-1;PCGF2;PDX1;RING1;RNF2;RORC;SALL3;SUZ12;WDR5	PAX6
155	cg21016855	9	ReprPC	ReprPC		CBX7;EED;FOXL2;PCGF2;SMAD2-3;SUZ12;ZNF596	PAX6
156	cg01587682	9	EnhBiv	EnhBiv	H1.0;H2AK119	BACH1;CBX4;CTBP2;EED;GLIS3;HCFC1R1;LMO2;MTF2;MYOCD;OGG1;PCGF2;RING1;RORC	PAX6
157	cg13596833	9	ReprPC	ReprPC	H2AK119	CBX4;LMO2;RBFOX2;RORC;SALL3;SIRT6;TRIM25;WDR5	PAX6
158	cg16865446	9	ReprPC	ReprPC	H2AFY;H3K36me3B	PCGF2;PDX1;RING1;SUZ12	PAX6
159	cg23287710	9	ReprPC	ReprPC		MTF2;PCGF2	PAX6
160	cg23125492	9	ReprPC	ReprPC	H2AK119	CBX4;CBX7;CTBP2;HEXIM1;JARID2;OGG1;PCGF2;RING1;RNF2;RORC;RXR;SUZ12;TAF15;TRIM25;WDR5	PAX6
161	cg04504066	9	ReprPC	ReprPC	H3K36me3B	LMO2;PCGF2;RORC;WDR5	PAX6
162	cg03854796	9	ReprPC	ReprPC		JARID2;PCGF2	PAX6
163	cg06666008	9	ReprPC	ReprPC		CBX7;EED;FOXL2;PCGF2;SMAD2-3;SUZ12;ZNF596	PAX6
164	cg08116462	9	ReprPC	ReprPC	H3K36me3B	EZH2;PCGF2;PHF19;PRDM14;RING1;ZNF257	PAX6
165	cg22740492	9	EnhBiv	EnhBiv		BACH1;CBX4;CTBP2;EED;GLIS3;HCFC1R1;HEXIM1;MTF2;MYOCD;RING1;RORC;WDR5	PAX6
166	cg22557091	9	ReprPC	ReprPC	H2AK119	CBX4;LMO2;PCGF2;RBFOX2;RORC;SALL3;TRIM25;WDR5	PAX6
167	cg27011060	9	ReprPC	ReprPC		AFF1;CDK7;CTBP2;KLF16;LMO1;MTF2;PHF19;RUNX1-RUNX1T1;RUNX1T1;RUNX2;SMAD2-3;SS18;UBTF	PAX6
168	cg26019112	9	ReprPC	ReprPC	H2AK119	CBX4;CBX7;CTBP2;HEXIM1;JARID2;OGG1;PCGF2;RING1;RNF2;RORC;RXR;SUZ12;TAF15;TRIM25;WDR5	PAX6
169	cg12298268	10	TssBiv	TssA	H2AK119;H2AK119ub	APC;ATF2;BNC2;CREB5;ESRRG;MBD3;MED12;ONECUT2;PCGF1;PHIP;PITX3;RYBP;SAP30;TAF3;ZFP3;ZNF800	RBP1;COPB2-DT
170	cg23448348	10	TssBiv	TssA	H2AK119;H2AK119ub	APC;CREB5;ESRRG;MBD3;ONECUT2;PCGF1;PHIP;RYBP;SAP30;TAF3;ZNF800	RBP1;COPB2-DT
171	cg12615535	10	TssFlnkU	ReprPC	H3K23me2;H3K27me3B	APC;BNC2;CREB5;HIVEP1;MAFB;PHIP;PITX3;RYBP;ZFP3;ZNF737;ZNF800;ZNF90	RBP1;COPB2-DT
172	cg08972081	10	Quies	ReprPCWk		BNC2;ELF3;HOXB8;IRF1;PHIP	COPB2-DT
173	cg13099330	10	TssFlnkU	ReprPC	H2AK119ub;H3K23me2	APC;ATF2;BNC2;CREB5;ESRRG;MAFB;MED12;PCGF1;PHIP;PITX3;RYBP;TAF3;ZFP3;ZNF800;ZNF90	RBP1;COPB2-DT
174	cg06726820	10	Quies	ReprPCWk		ATF2;ATF7;EBF1;ELF3;EOMES;ETV6;FEZF1;GFI1B;GLIS1;HOXB8;IKZF3;IRF1;MEF2B;OLIG2;OSR2;PDX1;PHIP;PRDM6;TCF4;TEAD1;TSHZ2;TWIST1;ZNF366;ZNF394;ZNF629;ZNF692;ZNF843	COPB2-DT
175	cg15288618	10	TssFlnkU	ReprPC	H2AK119ub;H3K23me2;H3K27me3B	APC;ATF2;BNC2;CREB5;ESRRG;HIVEP1;MAFB;PHIP;PITX3;RYBP;ZFP3;ZNF800;ZNF90	RBP1;COPB2-DT
176	cg22731271	11	TssBiv	TssA		CBX7;CTBP2;JARID2;NEUROG2;PCGF2;RING1;SOX4;SS18;TBX5;ZNF2	MEIS1;MEIS1-AS2
177	cg05877497	11	TssBiv	TssA		CRX;ESRRG;GATA4;GATA6;JARID2;MED12;NEUROG2;NKX2-5;PCGF2;PDX1;PRDM14;RYBP;SALL3;SIX2;SOX4;TBX5;ZNF148	MEIS1;MEIS1-AS2
178	cg16178603	11	TssBiv	TssA		CBX7;CTBP2;JARID2;NEUROG2;NR4A1;PCGF2;RING1;RYBP;SOX4;TBX5;ZNF2	MEIS1;MEIS1-AS2
179	cg09462924	11	TssBiv	TssA	H2AK119;H2BK12ac;H3K36me2;H3K79me1;H4K16ac;HistoneLysineCrotonylation	CBX2;CTBP2;ELF3;HEXIM1;IRF1;JARID2;MEN1;MYOD1;OGG1;PRDM14;RORC;RPA2;RXR;RYBP;SALL3;SOX4;TAF15;TBL1X;TBX5;TP63;WDR5;ZNF891	MEIS1;MEIS1-AS2
180	cg17454831	11	TssBiv	TssA		CBX7;CTBP2;JARID2;NEUROG2;NR4A1;PCGF2;RING1;SOX4;SS18;TBX5;ZNF2	MEIS1;MEIS1-AS2
181	cg04288999	11	TssBiv	TssA		GATA6;PCGF2;PDX1;PRDM14;RYBP;SOX4;ZNF148	MEIS1;MEIS1-AS2
182	cg17945976	11	TssBiv	TssA	HistoneLysineAcetylation;HistoneLysineCrotonylation	CTBP2;ELF3;NFE2;NUTM1;RPA2;RYBP;SALL3;TBX5	MEIS1;MEIS1-AS2
183	cg23972738	11	TssBiv	TssA		CBX7;CTBP2;JARID2;NEUROG2;PCGF2;RING1;SS18;TBX5;ZNF2	MEIS1;MEIS1-AS2
184	cg23497016	11	TssBiv	TssA	H3K79me1;HistoneLysineCrotonylation	CBX2;CTBP2;GTF3C2;HEXIM1;IRF1;JARID2;MYOD1;OGG1;PAX3-FOXO1;PCGF2;RBM39;RING1;RPA2;RYBP;SALL3;SS18;TBX5;WDR5;ZNF891	MEIS1;MEIS1-AS2
185	cg26537478	11	TssBiv	TssA		CRX;ESRRG;GATA4;GATA6;JARID2;MED12;NEUROG2;NKX2-5;PCGF2;PDX1;PRDM14;RORB;RYBP;SALL3;SIX2;SOX4;TBX5	MEIS1;MEIS1-AS2
186	cg21629500	12	ReprPC	ReprPC		ATF2;BACH1;CBX4;CHD7;CTBP2;GLIS3;KDM6B;NANOG;ONECUT1;RARA;RORC;SALL3;SRSF3;TRIM25	C5orf38
187	cg07851675	12	ReprPC	ReprPC		ARID5B;ATF2;BACH1;CHD4;IKZF3;MTF2;PBX1;PDX1;POU2F2;RING1;RORC;TCF3-PBX1	
188	cg21999939	12	ReprPC	ReprPC		ATF2;EED;GLIS3;NANOG;PDX1;RORC;SUZ12;TAF15	C5orf38
189	cg25113237	12	TssBiv	ReprPC		CBX8;EED;HEXIM1;NANOG;OGG1;PLAG1;RORC;SALL3;SIRT6;SMAD2-3;TRIM25;WDR5;ZFP69B	
190	cg23164183	12	ReprPC	ReprPC		ATF2;BACH1;CBX4;CTBP2;EED;GLIS3;KDM6B;NANOG;NKX2-1;PDX1;PTBP1;RARA;RORC;SALL3;SRSF3;SUZ12;TAF15;TRIM25;TRIM28	C5orf38
191	cg11337945	12	ReprPC	ReprPC		ATF2;BACH1;GLIS3;HEXIM1;MTF2;NANOG;NRL;PDX1;POU2F1;RING1;RORC;WDR5	C5orf38
192	cg03867465	13	ReprPC	ReprPC	H3K23me2	HEXIM1;MITF;OGG1	TENM3-AS1
193	cg19759671	13	TssBiv	ReprPC		MBD2;SAP30;SETDB1;ZNF445;ZNF823	TENM3-AS1
194	cg11111460	13	TssBiv	ReprPC	H3K23me2	EED;JARID2;KDM4A;MBD2;MORC2;SAP30;SETDB1;SMAD2-3;SSRP1;TRIM28;ZNF445	TENM3-AS1
195	cg08985979	13	ReprPC	ReprPC	H2BK15ac;H3K27me3B	BMPR1A;KAT7;ZNF2	TENM3-AS1
196	cg09795809	13	ReprPC	ReprPC	H3K27me3B;H3K36me3B	ATF2;BMPR1A;KAT7;PSIP1	TENM3-AS1
197	cg09802066	13	TssBiv	ReprPC	H3K23me2	EED;JARID2;MBD2;MORC2;SAP30;SETDB1;SMAD2-3;ZNF445;ZNF823	TENM3-AS1
198	cg15590989	13	ReprPC	ReprPC	H3K23me2	HEXIM1;KAT7;MITF;OGG1;ZNF2;ZSCAN16	TENM3-AS1
199	cg14201424	13	ReprPC	ReprPC		MBD2;SAP30;SETDB1;ZNF445;ZNF823	TENM3-AS1
200	cg16400631	14	ReprPC	ReprPC	H2AK119ub;H3K27me3	EED;EOMES;GATA4;GATA6;OGG1;PDX1;RING1;RORC;RXR;SALL3;SP7;TFIIIC;TRIM25	LINC02609
201	cg18486235	14	ReprPC	ReprPC	H2AK119ub;H3K27me3	EED;GATA4;OGG1;PCGF2;PDX1;RARA;RING1;SP7;ZNF184;ZNF2;ZNF639	LINC02609
202	cg00667862	14	ReprPC	ReprPC	H2AK119ub;H3K27me3	EED;GATA4;OSR2;PCGF2;PDX1;RARA;RING1;SP7;SS18-SSX;TRIM28;ZBTB44;ZBTB8A;ZNF184;ZNF2;ZNF366;ZNF561;ZNF639	LINC02609
203	cg20387429	14	ReprPC	ReprPC	H2AK119ub;H3K27me3	EED;GATA4;GATA6;JARID2;OGG1;PCGF2;PDX1;RING1;RORC;RXR;SALL3;SP7;TFIIIC;TRIM25	LINC02609
204	cg09793883	14	ReprPC	ReprPC	H2AK119ub;H3K27me3	CBX7;CTNNB1;EED;EOMES;FEZF1;GATA4;GFI1B;HAND2;IKZF3;INSM2;KLF10;OSR2;PATZ1;PCGF2;PDX1;POU2F3;PRDM6;RARA;RING1;SMC1A-B;SP5;SP7;SS18-SSX;TRIM28;TSHZ1;WT1;ZBTB21;ZBTB42;ZBTB44;ZBTB8A;ZNF18;ZNF184;ZNF189;ZNF2;ZNF213;ZNF324;ZNF34;ZNF341;ZNF35;ZNF366;ZNF391;ZNF394;ZNF488;ZNF524;ZNF561;ZNF629;ZNF639;ZNF645;ZNF76;ZNF778;ZNF843;ZSCAN23;ZSCAN5C	LINC02609
205	cg04929703	14	ReprPC	ReprPC	H2AK119ub;H3K27me3	EED;GATA4;OGG1;PCGF2;PDX1;RARA;RING1;SP7;ZNF184;ZNF2;ZNF639	LINC02609
206	cg08409113	15	ReprPC	EnhBiv		AGO1;CBX4;CHD8;EED;FIP1L1;FUS;HEXIM1;HNRNPH1;HOXA3;IFNA1;KAT7;KDM6B;MBD2;MNX1;OGG1;RBFOX2;RBM22;RBM39;RORC;RXR;SIRT6;SRSF4;SRSF7;TAF15;TET2;TP63;TRIM25;USF2;WDR5;ZNF28;ZNF300;ZNF596	WNK4
207	cg20653128	15	ReprPC	EnhBiv			WNK4
208	cg16695758	15	ReprPC	EnhBiv		PRPF4	WNK4
209	cg05614735	15	ReprPC	EnhBiv	H2AK9ac;H2BK120ac;H3K9me1	EED;GLIS3;HCFC1R1;PRPF4;PTBP1;RBFOX2;RBM39;SRSF7;SSRP1;SUPT16H	WNK4
210	cg05886546	15	ReprPC	EnhBiv		AGO1;CBFA2T2;EED;FOXO1;HIVEP1;HNRNPH1;MTA3;RBFOX2;RBM39;RYBP;TAF15;ZNF891	WNK4
211	cg18963509	15	ReprPC	EnhBiv	H2AK9ac;H2BK120ac;H2BK12ac;H3K79me1;H3K9me1	EED;HCFC1R1;PRPF4;PTBP1;RBFOX2;SRSF7;ZNF148	WNK4
212	cg14457782	15	ReprPC	EnhBiv		AGO1;CBX4;CHD8;EED;FIP1L1;FUS;HEXIM1;HNRNPH1;HOXA3;IFNA1;KAT7;KDM6B;MBD2;MNX1;OGG1;RBFOX2;RBM22;RBM39;RORC;RXR;SIRT6;SRSF4;SRSF7;TAF15;TET2;TP63;TRIM25;USF2;WDR5;ZNF28;ZNF300;ZNF596	WNK4
213	cg16265599	15	ReprPC	EnhBiv	H2AFY;H3K79me1	AGO1;EED;FOXO1;PRPF4;RBFOX2;RBM39;SPI1	WNK4
214	cg03294458	15	ReprPC	ReprPC		ARID4B;CCAR2;CDKN1B;EED;GLIS3;HCFC1R1;PRPF4;PTBP1;RBFOX2;RBM39;SRSF7;SS18-SSX;SSRP1;SUPT16H;ZFP3	WNK4
215	cg13294849	16	ReprPC	ReprPC		CBFA2T2;EED;NUTM1;PRDM14	SOX2-OT
216	cg02650401	16	ReprPC	ReprPC		EED;NUTM1;PRDM14	SOX2-OT
217	cg11324832	16	ReprPC	ReprPC		CBFA2T2;CBX2;EZH2;HIF3A;NUTM1;PRDM14;SUZ12	SOX2-OT
218	cg11362010	16	ReprPC	ReprPC		CBX8;MAFF;PAX6;RING1	SOX2-OT
219	cg03731303	16	ReprPC	ReprPC		CBX8;EZH2;PRDM14;RING1	SOX2-OT
220	cg25960893	16	ReprPC	ReprPC		CBFA2T2;NUTM1;PRDM14	SOX2-OT
221	cg10901368	16	ReprPC	ReprPC		CBFA2T2;CBX2;CBX8;CHD7;EZH2;PCGF1;PRDM14;RING1;SPDEF	SOX2-OT
222	cg01783662	16	ReprPC	ReprPC		CBX8;MAFF;NKX2-1;PAX6;RING1	SOX2-OT
223	cg10512745	17	TssBiv	BivFlnk		ATRX;CBX4;CDK9-HEXIM1;CTBP2;DDX5;FOXO1;HCFC1R1;HDAC6;HEXIM1;HIF3A;HIVEP1;HMGXB4;HNRNPC;HOXA3;INO80;KLF3;MBD2;MITF;MNX1;MTF2;MYOCD;NANOG;NCOR1;NFAT5;PCGF2;PREB;RING1;RORC;SALL3;SIRT6;SIX2;SREBP2;TRIM25;TRIM28;WDR5;ZBED4;ZGPAT;ZHX2;ZNF2;ZNF407;ZNF550;ZNF800;ZNF891	DMRTA2
224	cg16809460	17	ReprPC	ReprPC	H3K36me3B	CTBP2;HIF3A;HIVEP1;MTF2;MXD4;NFKBIZ;PRDM14;RORC;SIRT6;SREBP2;TRIM25;WDR5;ZGPAT	DMRTA2
225	cg07362328	17	ReprPC	ReprPC	H3K36me3B	CTBP2;HDAC6;HIF3A;MCM5;MLLT3;PCGF2;RING1;RORC	DMRTA2
226	cg16732616	17	ReprPC	ReprPC	H3K36me3B	CBX4;CBX7;CTBP2;HDAC6;HEXIM1;HIF3A;HOXA3;KDM4A;MBD2;MITF;PCGF2;PHC1;PLAG1;PRDM14;RARA;RING1;RORC;RXR;SALL3;SIRT6;SIX2;SUZ12;TAL1;TRIM25;TRIM28;WDR5;ZNF2	DMRTA2
227	cg03989480	17	ReprPC	ReprPC	H3K36me3B	CTBP2;HIF3A;HIVEP1;KDM3A;MTF2;MXD4;MYOCD;NFKBIZ;OGG1;PRDM14;RORC;SIRT6;SREBP2;TRIM25;WDR5;ZGPAT;ZNF407;ZNF519	DMRTA2
228	cg09792881	17	TssBiv	BivFlnk		ATRX;CBX4;CDK9-HEXIM1;CTBP2;DDX5;FOXO1;HCFC1R1;HDAC6;HEXIM1;HIF3A;HMGXB4;HNRNPC;HOXA3;INO80;IRF8;KLF3;MBD2;MITF;MNX1;MTF2;MYOCD;NANOG;NCOR1;NFAT5;PCGF2;PREB;RING1;RORC;SALL3;SIRT6;SIX2;SMAD2;SREBP2;TRIM25;TRIM28;WDR5;ZBED4;ZGPAT;ZNF2;ZNF276;ZNF407;ZNF550;ZNF800;ZNF891	DMRTA2
229	cg00945234	17	ReprPC	ReprPC	H3K36me3B	CTBP2;HDAC6;HIF3A;MCM5;MLLT3;PCGF2;RING1;RORC	DMRTA2
230	cg03953626	18	TssA	TssA	H3K79me2;H4K5ac_H4K8ac_H4K12ac_H4K16ac	CDKN1B;GLIS2;GLIS3;KAT7;MED;MYOCD;PLAG1;RBFOX2;RBM22;SIRT6;SOX4;SREBP2;SUPT16H;VEZF1;ZNF148;ZNF3	PPP1R18
231	cg05098566	18	TssA	TssA	H3K79me2;H4K5ac_H4K8ac_H4K12ac_H4K16ac	CDKN1B;DDX5;ESR2;GLIS2;GLIS3;KAT7;MED;MLLT1;MTA3;PLAG1;RBFOX2;RBM22;SMARCE1;SOX4;SREBP2;SUPT16H;VEZF1;ZBTB40;ZBTB7B;ZNF3	PPP1R18
232	cg10098021	18	TssFlnkU	TssA	H2AK119;H2Bub;H3K27me1;H3K36me2;H3K79me2;HistoneLysineCrotonylation	AFF1;AGO1;BRD7;CDKN1B;CREB3L1;E2F3;EBF1;ESR2;FOXP1;GABPB1;GTF3C2;HDAC8;HDGF;HIVEP1;HNRNPH1;ID3;KAT7;MEN1;MIER1;MNX1;MTA3;MTF2;NFATC3;NR4A1;OGG1;PARP1;PTBP1;RBFOX2;SAP30;SIRT6;SMARCA5;SREBF2;SRSF3;SUPT16H;TBX18;TCF7;UBTF;ZFP36;ZMYM3;ZNF207;ZNF3;ZNF407;ZNF436;ZNF550;ZNF572;ZNF76;ZNF883	PPP1R18
233	cg15768443	18	TssA	TssA	H3K79me2;H4K5ac_H4K8ac_H4K12ac_H4K16ac	CDKN1B;DDX5;ESR2;GLIS2;GLIS3;KAT7;MED;PLAG1;RBFOX2;RBM22;SIRT6;SOX4;SREBP2;SUPT16H;VEZF1;ZBTB40;ZBTB7B;ZNF148;ZNF3	PPP1R18
234	cg00221185	18	TssA	TssA	H3K79me2;H4K5ac_H4K8ac_H4K12ac_H4K16ac	CDKN1B;DDX5;ESR2;GLIS2;GLIS3;KAT7;MED;MLLT1;MTA3;PLAG1;RBFOX2;RBM22;SMARCE1;SOX4;SUPT16H;VEZF1;ZBTB40;ZBTB7B;ZNF3	PPP1R18
235	cg01413582	18	TssFlnkU	TssA	H3K79me2	AFF1;ATF7;CDKN1B;DDX5;E2F8;E4F1;ESR2;ETV6;GABPB1;HDGF;HIVEP1;HSF1;ID3;IKZF2;IKZF3;INTS13;IRF2;JUNB;KAT7;KDM4B;MED;MEF2A;MIER1;MORC2;NBN;NCOA1;NFRKB;PARP1;PTBP1;RB1;RBFOX2;RBM25;SIRT6;SKIL;SMARCA5;SREBP2;TRIM22;UBTF;VEZF1;XRCC5;ZBTB12;ZBTB2;ZBTB6;ZFP36;ZHX1;ZMIZ1;ZNF148;ZNF770	PPP1R18
236	cg14435644	19	TssBiv	EnhBiv	H3K27me3B	ATF2;BMI1;CBFA2T2;CBX2;CBX8;MORC2;PAX6;PRDM14;RING1;RNF2;SS18;TAF7;ZNF750	
237	cg13357229	19	TssBiv	EnhBiv	H3K27me3B	ATF2;CBFA2T2;CBX2;CBX8;CHD7;EED;IRF2;MORC2;MYOG;NANOG;PRDM14;RING1;RNF2;SS18;TAF7;ZNF750	
238	cg20881942	19	TssBiv	EnhBiv	H3T	ATF2;CBX2;CBX4;CBX8;MLLT3;PAX6;RING1;RNF2;TAF7;ZFP36	
239	cg05050042	19	ReprPC	ReprPC		ATF2;CHD7;CTBP2;CTNNB1;EOMES;EZH2;MORC2;NANOG;NIPBL;PDX1;POU5F1;PRDM14;SALL3;SMAD2;SMAD4;SOX2;STAT5A;T;TAF7;ZNF207	
240	cg10790791	19	ReprPC	ReprPC		ATF2;CHD7;CTBP2;CTNNB1;EOMES;EZH2;MORC2;NANOG;NIPBL;PDX1;POU5F1;PRDM14;SALL3;SMAD2;SMAD4;SOX2;STAT5A;T;TAF7;ZNF207	
241	cg21630608	19	ReprPC	EnhBiv	H3K27me3B	ATF2;CBFA2T2;CBX2;CBX8;CHD7;EED;EZH2;IRF2;MORC2;NANOG;POU4F2;POU5F1;PRDM14;RING1;SAP30;SMAD2;SS18;TAF7;ZNF462	
242	cg07999845	19	TssBiv	EnhBiv		ATF2;BMI1;CBX2;CBX8;MLLT3;PAX6;RING1;RNF2;SS18;TAF7;ZFP36	
243	cg09788843	19	TssBiv	EnhBiv	H3K27me3B	ATF2;BMI1;CBFA2T2;CBX2;CBX8;CHD7;MORC2;MYOG;PAX6;PRDM14;RING1;RNF2;SS18;TAF7;ZNF750	
244	cg00705808	19	TssBiv	EnhBiv	H3K27me3B	ATF2;CBFA2T2;CBX2;CBX8;CHD7;EED;IRF2;MORC2;MYOG;NANOG;POU4F2;PRDM14;RING1;SS18;TAF7;ZNF750	
245	cg02388378	20	TssBiv	ReprPC	H3K36me3B;H4K20me1	CBX7;CTBP2;DUX4;IRF2;JARID2;KAT7;MTF2;PCGF2;PDX1;RYBP;SUZ12;TBX5;WDR5;ZBTB8A;ZNF445	
246	cg07505018	20	TssBiv	ReprPC	H4K20me1	CBX7;CTBP2;DUX4;IRF9;JARID2;KAT7;MTF2;PCGF2;PDX1;RYBP;SUZ12;TBX5;WDR5;ZBTB8A;ZNF445	ENSG00000259711
247	cg01901262	20	TssBiv	ReprPC	H2AX;H3K36me2	CBX7;CTBP2;ESR2;JARID2;KAT7;KDM6B;KLF3;MORC2;MTF2;PCGF2;RORC;SALL3;SIRT6;TRIM25;WDR5;YAP1;ZNF445;ZNF506;ZNF534	IRX5
248	cg10824810	20	TssBiv	ReprPC	H3K36me3B	CBX7;JARID2;KAT7;MTF2;PARP1;PCGF1;PCGF2;SALL3;TBX5;WDR5;ZNF445;ZNF596	IRX5
249	cg06993307	20	TssBiv	ReprPC	H4K12ac	ATF2;BACH1;CHD7;CTBP2;GATA3;HIVEP1;HMGXB4;JARID2;MTF2;NANOG;PCGF2;PDX1;PTBP1;RBFOX2;RBM39;RYBP;STAG1;STAG2;SUZ12;WDR5;ZBTB2;ZNF276;ZNF445;ZNF519;ZNF891	ENSG00000259711
250	cg01961105	20	TssBiv	ReprPC	H3K36me3B;H4K20me1	CBX7;CTBP2;DUX4;JARID2;KAT7;MTF2;PCGF2;PDX1;RYBP;SUZ12;TBX5;WDR5;ZBTB8A;ZNF445	
251	cg09492451	20	TssBiv	ReprPC	H3K36me3B	ARID1B;CBX4;CHD7;CTBP2;EED;ETV4;HCFC1R1;HEXIM1;HOXA3;IRF2;JARID2;KAT7;KLF3;MBD2;MTF2;NANOG;PARP1;PCGF2;PDX1;RBM14;RORC;SALL3;SIRT6;SMAD2-3;SUZ12;TBX5;TRIM25;TRIM28;WDR5;ZNF445	IRX5
252	cg07455757	20	TssBiv	ReprPC	H4K12ac	BACH1;CBX7;CHD7;CTBP2;DUX4;GATA3;HIVEP1;HMGXB4;JARID2;MTF2;PCGF2;PDX1;PTBP1;RBFOX2;RBM39;RYBP;STAG1;STAG2;SUZ12;WDR5;ZBTB2;ZNF276;ZNF445;ZNF519;ZNF891	ENSG00000259711
253	cg11412466	21	ReprPC	ReprPC	H2BK120ub;H2Bub1	ATF2;BACH1;HEXIM1;HNRNPC;JARID2;KLF3;NANOG;PCGF1;RORC;RYBP;SIRT6;TCF7;TRIM25;TRIM28;WDR5	
254	cg26195356	21	ReprPC	ReprPC	H2BK120ub;H2Bub1	ATF2;BACH1;BAF155;CHD4;CHD7;HEXIM1;HNRNPC;HOXB13;JARID2;KLF3;NANOG;NR1H2;PCGF1;RORC;RYBP;SIRT6;SOX9;TCF7;TRIM25;TRIM28;WDR5	
255	cg04517282	21	ReprPC	ReprPC		BAF155;CHD7;HEXIM1;JARID2;NANOG;PCGF1;RING1;RORC;ZNF398	
256	cg26578682	21	TssBiv	ReprPC	H2BK120ub;H4K20me1	ATF2;BACH1;CTBP2;IKZF3;NANOG;POU2F2;RING1;SAP30;SRF;SS18-SSX;SSRP1;WDR5	IRX2
257	cg03312958	21	ReprPC	ReprPC	H2BK120ub;H2Bub;H2Bub1;H3K36me3	DNMT3B;GLIS3;KLF3;MITF;MYOCD;OGG1;PARP1;PRDM14;SS18-SSX;SSRP1;TRIM25;WDR5;ZFP57;ZNF736	IRX2
258	cg16512661	21	ReprPC	ReprPC	H2BK120ub;H2Bub1	ATF2;BACH1;BAF155;CHD4;HEXIM1;HNRNPC;JARID2;KLF3;NANOG;NR1H2;PCGF1;RORC;RYBP;SIRT6;SOX9;TCF7;TRIM25;TRIM28;WDR5	
259	cg05321361	21	TssBiv	ReprPC	H2BK120ub;H4K20me1	ATF2;BACH1;IKZF3;MBD3;MEN1;MORC2;NANOG;POU2F2;RING1;SAP30;SMAD2;SOX8;SRF;SS18-SSX;SSRP1;WDR5	IRX2
260	cg02497558	22	ReprPC	ReprPC		CBX7;CTBP2;CTNNB1;NANOG;PCGF1;PCGF2;PDX1;POU5F1;RARA;SOX2;T	
261	cg04904318	22	ReprPC	ReprPC	H3K27me3B	JARID2;PCGF1;RXR	HOXB1
262	cg22660933	22	ReprPC	ReprPC		CBX7;CTBP2;CTNNB1;PCGF1;PCGF2;PDX1;POU5F1;TEAD1;USF2;ZNF534	HOXB1
263	cg07823492	22	ReprPC	ReprPC		GLIS3;HEXIM1;JARID2;OGG1;PCGF1;PRDM14;RORC;RXR;TFAP2A;TRIM25	HOXB1
264	cg08076955	22	ReprPC	ReprPC		CBX7;CTBP2;CTNNB1;NANOG;PCGF1;PCGF2;PDX1;POU5F1;RARA;SOX2;T;TEAD1;USF2;ZNF534	
265	cg24948406	22	ReprPC	ReprPC		CBX7;JARID2;OGG1;PCGF1;PCGF2;SAP30	HOXB1
266	cg22296593	22	ReprPC	ReprPC		APC;ZNF366	
267	cg24900666	22	ReprPC	ReprPC		CBX7;CTNNB1;JARID2;PCGF1;PCGF2;PDX1;POU5F1;SAP30;USF2;ZNF534	HOXB1
268	cg26634219	22	ReprPC	ReprPC		CBX7;JARID2;OGG1;PCGF1;PCGF2;PDX1;POU5F1;SAP30	HOXB1
269	cg26687072	22	ReprPC	ReprPC		CBX7;CTBP2;CTNNB1;JARID2;PCGF1;PCGF2;PDX1;POU5F1;SAP30;TEAD1;USF2;ZNF534	HOXB1
270	cg08613144	23	TssBiv	ReprPC	H1.0;H1.4;H3.3;HistoneLysineCrotonylation	BMPR1A;CHD8;CTBP2;ELF3;FOXO1;GLIS3;GTF3C2;HDAC3;HIC1;IFNA1;IRF1;KDM4C;KLF16;KLF8;MORC2;MZF1;ONECUT2;OSR2;PHF19;PRDM14;SIRT6;SP3;SSRP1;SUPT16H;TBL1X;TP63;TRIM28;ZBTB10;ZBTB11;ZBTB48;ZFP37;ZNF10;ZNF276;ZNF324;ZNF394;ZNF398;ZNF444;ZNF467;ZNF561;ZNF610;ZNF843;ZSCAN26;ZSCAN4;ZXDB	LYPD1
271	cg20265661	23	TssBiv	BivFlnk	H1.0;H1.4;H2AK9ac;H2BK12ac;H3K23me2;H4;H4K12ac;HistoneLysineCrotonylation	CBFA2T2;CTBP2;DEK;ELF3;FEZF1;KDM6B;KLF16;KLF3;KLF7;KLF8;MBD3;NFIB;PARP1;PHF19;POU2F1;PRDM4;SAP30;SFMBT1;SIRT6;SNAI2;SOX2;SOX8;SP3;SUPT16H;SUZ12;TSHZ1;WT1;ZBTB10;ZBTB11;ZBTB42;ZBTB48;ZFP37;ZNF324;ZNF391;ZNF423;ZNF444;ZNF512B;ZNF528;ZNF580;ZNF76;ZNF792;ZSCAN22;ZSCAN26;ZSCAN4;ZXDB	LYPD1
272	cg26348348	23	TssBiv	ReprPC	H1.4;H3.3	CHD7;CTBP2;ELF3;FEZF1;GLIS3;HDAC3;HIC1;HIF3A;IRF1;MAML1;MZF1;NANOG;ONECUT2;PHF19;PRDM14;SAP30;SMAD3;SP3;SS18-SSX;TEAD4;TFAP2A;TRIM28;WT1;YY1AP1;ZBTB48;ZFP37;ZNF324;ZNF391;ZNF394;ZNF398;ZNF444;ZXDB	LYPD1
273	cg09622982	23	TssBiv	BivFlnk	H1.0;H1.4;H2AK9ac;H3K23me2;H4;H4K12ac;HistoneLysineCrotonylation	CBFA2T2;CTBP2;DEK;ELF3;FEZF1;KDM6B;KLF16;KLF3;KLF7;KLF8;MBD3;PARP1;PHF19;POU2F1;PRDM4;SAP30;SFMBT1;SNAI2;SOX2;SOX8;SP3;SUPT16H;WT1;ZBTB10;ZBTB11;ZBTB42;ZBTB48;ZFP37;ZNF324;ZNF391;ZNF423;ZNF444;ZNF512B;ZNF528;ZNF580;ZNF76;ZNF792;ZSCAN22;ZSCAN26;ZSCAN4;ZXDB	LYPD1
274	cg15665400	23	TssBiv	BivFlnk	H1.0;H1.4;H2AK9ac;H2BK12ac;H2BK20ac;H3.3;H3K23me2;H4K91ac;HistoneLysineCrotonylation	CTBP2;ELF3;FEZF1;GTF3C2;HDAC3;IRF1;KLF16;KLF3;KLF7;KLF8;MBD3;PARP1;PHF19;PRDM4;SIRT6;SNAI2;SOX8;SP3;SSRP1;SUPT16H;WT1;ZBTB10;ZBTB11;ZBTB48;ZFP37;ZNF10;ZNF276;ZNF324;ZNF391;ZNF394;ZNF423;ZNF444;ZNF512B;ZNF561;ZNF580;ZNF610;ZNF76;ZNF792;ZNF843;ZSCAN22;ZSCAN26;ZSCAN4	LYPD1
275	cg01850449	23	TssBiv	BivFlnk	H1.0;H1.4;H2AK9ac;H3K23me2;H4;H4K12ac;HistoneLysineCrotonylation	CBFA2T2;CTBP2;DEK;ELF3;FEZF1;KDM6B;KLF16;KLF3;KLF7;KLF8;MBD3;NFIB;PARP1;PHF19;POU2F1;PRDM4;SAP30;SFMBT1;SIRT6;SNAI2;SOX2;SOX8;SP3;SUPT16H;SUZ12;TSHZ1;WT1;ZBTB10;ZBTB11;ZBTB42;ZBTB48;ZFP37;ZNF324;ZNF391;ZNF423;ZNF444;ZNF512B;ZNF528;ZNF580;ZNF76;ZNF792;ZSCAN22;ZSCAN26;ZSCAN4;ZXDB	LYPD1
276	cg22444584	24	ReprPC	ReprPC	H3K27me3B	BMPR1A;CBX2;JARID2;NUTM1;PHF19;RYBP	ENSG00000259280
277	cg14891209	24	ReprPC	ReprPC	H2BK15ac;H3K23me2	BRF1;CBX2;CTBP2;EED;GTF3C2;KAT7;KDM4A;OGG1;OLIG2;PRDM14;RORC;SALL3;SUZ12;WDR5;ZMYM3;ZNF596;ZNF891	ENSG00000259280
278	cg00216138	24	ReprPC	ReprPC		EED;JARID2;SALL3	ENSG00000259280
279	cg21375869	24	ReprPC	ReprPC	H3K23me2	BACH1;CBX2;CTBP2;CTNNB1;IKZF2;JARID2;KAT7;KDM4A;OLIG2;PRDM14;RARA;RORC;SUZ12;WDR5	ENSG00000259280
280	cg24956533	24	ReprPC	ReprPC	H4K20me1	CBX2;CBX8;JARID2	ENSG00000259280
281	cg12309653	24	ReprPC	ReprPC	H2BK15ac;H3K23me2	BACH1;CBX2;CTBP2;CTNNB1;GTF3C2;JARID2;KAT7;KDM4A;OGG1;OLIG2;PRDM14;RORC;SALL3;SUZ12;WDR5;ZNF596;ZNF891	ENSG00000259280
282	cg05224741	25	ReprPC	ReprPC		CBFA2T2;CBX2;CTBP2;EZH1;HDAC6;HEXIM1;HNRNPLL;OGG1;PRDM14;RORC;SIRT6;ZNF711	
283	cg17754510	25	ReprPC	ReprPC	H1.0;H2AK119;H2BK15ac;H3K79me1;H4	CTBP2;GTF3C2;JARID2;OGG1;PTBP1;SALL3	
284	cg10293403	25	ReprPC	ReprPC		HDAC6;HEXIM1;HIF3A;MNX1;OGG1;RORC;SIRT6;TRIM25;WDR5;ZNF891	
285	cg01807768	25	ReprPC	ReprPC	H1.0	CBFA2T2;CTBP2;EED;JARID2;PRDM14;SALL3	
286	cg00792424	25	ReprPC	ReprPC		CBFA2T2;CTBP2;GLIS3;JARID2;NANOG;PHF19;PRDM14;SALL3	
287	cg22267770	25	ReprPC	ReprPC	H3K27me3B	CBFA2T2;CBX2;CDK9-HEXIM1;EZH1;HIF3A;HNRNPLL;ZSCAN29	
288	cg13486532	25	ReprPC	ReprPC		ATF2;BACH1;BMI1;CBX8;CTBP2;HIF3A;OGG1;RORC;SS18;WDR5;ZBTB2;ZFP36;ZNF891	
289	cg24336989	25	ReprPC	ReprPC		CTBP2;JARID2;SALL3	
290	cg09134794	26	ReprPC	ReprPC		ELF3;HNF1B;PATZ1;PCGF2	EN2
291	cg02582057	26	ReprPC	ReprPC		CBFA2T2;CBX8;CTBP2;HEXIM1;JARID2;NANOG;OGG1;PCGF2;PLAG1;RORC;SIRT6;SS18-SSX	
292	cg16935980	26	ReprPC	ReprPC	H3K36me3B	ARID1B;CBX2;CTBP2;HEXIM1;HIVEP1;RYBP;ZBTB6;ZNF207;ZNF891	EN2
293	cg00085619	26	ReprPC	ReprPC		HNF1B;PATZ1;PCGF2;SOX2	EN2
294	cg22461324	26	ReprPC	ReprPC		HEXIM1;HNF1A;HNF1B;RORC;SOX2;TRIM25;WDR5;ZNF534;ZNF573	EN2
295	cg18835582	26	ReprPC	ReprPC		CBFA2T2;CBX8;CTBP2;HEXIM1;JARID2;KDM6B;NANOG;OGG1;PCGF2;PLAG1;RORC;SIRT6;SS18-SSX;THAP1	
296	cg20547407	26	ReprPC	ReprPC	H3K36me3B	ARID1B;CBX2;HEXIM1;RYBP;ZNF207	EN2
297	cg12242086	26	ReprPC	ReprPC		HNF1A;HNF1B;PATZ1;PCGF2;RORC;SOX2	EN2
298	cg14836602	27	ReprPC	ReprPC		CTBP2;GLIS3;HEXIM1;JARID2;MORC2;SALL3;SREBF2;SRSF3;SS18-SSX;TCF7	
299	cg20406460	27	ReprPC	ReprPC		AATF;CLOCK;CTBP2;DNMT3B;FOXP2;GLIS3;HEXIM1;JARID2;KDM4A;KDM6B;NANOG;OGG1;PCGF1;RORC;RXR;RYBP;SUZ12;TRIM25;WDR5;ZNF407	
300	cg19814981	27	ReprPC	ReprPC		CTBP2;GLIS3;JARID2;RING1;ZNF605	
301	cg09382127	27	ReprPC	ReprPC		CTBP2;GLIS3;JARID2;MORC2;RING1;SALL3;TCF7;ZNF605	
302	cg04980590	27	ReprPC	ReprPC		CTBP2;EZH2;NANOG;OGG1;PCGF2;PRDM14;RING1;RORC;RUNX2;SUZ12	
303	cg18275316	27	ReprPC	ReprPC	H3K23me2	PCGF1;RORC;RYBP;SAP30;ZSCAN4	
304	cg25308508	27	ReprPC	ReprPC		CHD7;CTBP2;GLIS3;HEXIM1;JARID2;MORC2;PRDM15;SALL3;SS18-SSX;TCF7	
305	cg15416279	27	ReprPC	ReprPC		BACH1;CBFA2T2;CTBP2;DNMT3B;GLIS3;HEXIM1;JARID2;KDM4A;MYOCD;NANOG;OGG1;PCGF1;RORC;RYBP;SUZ12;TCF7;USF2;WDR5;ZFP36	
306	cg09703679	27	ReprPC	ReprPC		CTBP2;GLIS3;JARID2;MORC2;RING1;TCF7;ZNF605	
307	cg08219218	28	TssBiv	TxWk		ATRX;CHAMP1;CTBP2;EOMES;NUTM1;PDX1;RBM22;SALL3;SAP30;T	MAB21L2;LRBA
308	cg15480897	28	TssBiv	TxWk		HNRNPK;PCGF2	MAB21L2;LRBA
309	cg05878390	28	TssBiv	TxWk		ATRX;ESRRG;FOXF1;GATA4;HAND2;ISL1;PITX3;RBM22;SAP30;SOX2;TBX2;TWIST1;ZNF573;ZNF596	LRBA
310	cg02075410	28	TssBiv	ZNF/Rpts	H3K27me1;H3K36me2;H3K36me3;H3K36me3B;H3K9me3;HistoneLysineCrotonylation	ATRX;CBX7;CC2D1A;CHAMP1;CTNNB1;GTF3C2;JARID2;NUTM1;PITX3;RBM22;SALL2;SAP30;TAF15;TP53	MAB21L2;LRBA
311	cg09317554	28	TssBiv	TssA	H2AK9ac;H2BK120ub;H2BK12ac;H3K23me2;H3K27me1;H3K36me2;H3K36me3;H3K36me3B;H3K9me2;H3K9me3;H4K20me3;HistoneLysineCrotonylation	ARID1B;ATRX;BRF1;BRF2;CBX7;CHAMP1;CTBP2;HIVEP1;ISL1;JARID2;KDM6B;NUTM1;OGG1;PCGF2;POU4F2;RBM14;RBM22;SALL3;SAP30;SUZ12;TBL1X;ZNF202;ZNF3;ZNF407	MAB21L2;LRBA
312	cg26218269	28	TssBiv	TxWk		ATRX;CHAMP1;PAX6;SAP30	LRBA
313	cg06215107	28	TssBiv	ZNF/Rpts	H2AK119ub;H2BK15ac;H3K23me2;H3K27me1;H3K36me3;H3K36me3B;H3K9me2;H3K9me3;H4;HistoneLysineAcetylation;HistoneLysineCrotonylation	CBX7;CC2D1A;CHAMP1;CTBP2;GTF3C2;HEXIM1;IRF8;ISL1;JARID2;KDM4A;KDM6B;LMO2;NUTM1;OGG1;PCGF1;PCGF2;PITX3;RBM22;RORC;RXR;SAP30;SUZ12;WDR5;ZNF3	MAB21L2;LRBA
314	cg02580005	28	TssBiv	ZNF/Rpts	H2AK9ac;H3K27me1;H3K36me2;H3K36me3;H3K36me3B;H3K9me3;HistoneLysineCrotonylation	ATRX;CBX7;CC2D1A;CHAMP1;CTNNB1;GTF3C2;JARID2;KDM4A;NUTM1;PITX3;RBM22;SALL2;SAP30;TAF15;TP53	MAB21L2;LRBA
315	cg20334738	28	TssBiv	TxWk		ATRX;ESRRG;FOXF1;GATA4;HAND2;ISL1;PDX1;PITX3;RBM22;SAP30;SOX2;TBX2;TWIST1;ZNF573;ZNF596	LRBA
316	cg01012445	28	TssBiv	TssA	H1.4;H2BK120ub;H3K23me2;H3K27me1;H3K36me2;H3K36me3;H3K9me2;H3K9me3;H4;HistoneLysineAcetylation;HistoneLysineCrotonylation	ARID1B;BRF1;CBX7;CHAMP1;CTBP2;HIVEP1;ISL1;JARID2;KDM6B;OGG1;PCGF1;PCGF2;PITX3;RBM22;RORC;SAP30;SUZ12;TEAD1;ZNF202;ZNF3;ZNF883;ZNF891	MAB21L2;LRBA
317	cg07524919	29	ReprPC	ReprPC	H1.4;H2AK119;H3K27me3;H3K27me3B	BCL3;DNMT3B;EZH2;FOXO1;HIVEP1;HNF4G;HOXA3;INO80;MTF2;OGG1;OLIG2;PARP1;RORC;TFIIIC;THAP1;TRIM25;WDR5;ZFP57;ZNF777	TNXB
318	cg16834823	29	ReprPC	EnhBiv	H2AK119;H3K27me3;H3K27me3B	AGO1;CHD4;EPAS1;FOXO1;HIVEP1;HNRNPC;HOXA3;INO80;IRF8;KDM3A;MNX1;MTF2;OGG1;PCGF1;PHF19;RORC;RYBP;SAFB;SIRT6;TFIIIC;TRIM25;WDR5;ZFP57;ZGPAT;ZNF274;ZNF276;ZNF407;ZNF573;ZNF777;ZNF800;ZNF883;ZNF891	TNXB
319	cg12694372	29	ReprPC	EnhBiv	H2AK119;H3K27me3;H3K27me3B;H4K20me3	AGO1;FUS;HIVEP1;HMGN3;HMGXB4;HNRNPC;HNRNPL;HOXA3;INO80;KDM3A;MNX1;MTF2;MXD4;NFAT5;OGG1;PCGF1;PHF19;RBBP4;RBFOX2;RBM14;RORC;RYBP;SIRT6;SRSF7;TAF15;TFIIIC;TRIM25;WDR5;ZGPAT;ZHX2;ZNF274;ZNF407;ZNF598;ZNF766;ZNF777;ZNF800;ZNF883;ZNF891	TNXB
320	cg10923662	29	ReprPC	EnhBiv	H2AK119;H3K27me3;H3K27me3B	AGO1;BCL3;CHD4;FOXO1;FUS;HIVEP1;HNRNPC;HOXA3;INO80;IRF8;KDM3A;MNX1;MTF2;PCGF1;PHF19;RORC;RYBP;SIRT6;TFIIIC;TRIM25;WDR5;ZGPAT;ZNF274;ZNF276;ZNF407;ZNF573;ZNF598;ZNF777;ZNF800;ZNF883;ZNF891	TNXB
321	cg10890302	29	ReprPC	EnhBiv	H2AK119;H3K27me3;H3K27me3B	AGO1;CHD4;FOXO1;FUS;HIVEP1;HNRNPC;HOXA3;INO80;IRF8;KDM3A;MNX1;MTF2;PCGF1;PHF19;RORC;RYBP;SIRT6;TFIIIC;TRIM25;WDR5;ZFP57;ZGPAT;ZNF274;ZNF276;ZNF407;ZNF573;ZNF777;ZNF800;ZNF883;ZNF891	TNXB
322	cg00872984	29	ReprPC	ReprPC	H3K27me3;H3K27me3B	BCL3;EPAS1;FOXO1;HIVEP1;HNRNPC;HOXA3;INO80;MNX1;MTF2;OGG1;OLIG2;RORC;SIRT6;TFIIIC;THAP1;TRIM25;WDR5;ZFP57;ZNF276;ZNF3;ZNF777;ZNF800	TNXB
323	cg19267551	29	ReprPC	ReprPC	H2AK119;H3K27me3;H3K27me3B	AGO1;CHD4;EPAS1;FOXO1;HIVEP1;HNRNPC;HOXA3;INO80;IRF8;KDM3A;MNX1;MTF2;OGG1;PCGF1;RORC;RYBP;SAFB;SIRT6;TFIIIC;TRIM25;WDR5;ZFP57;ZGPAT;ZNF274;ZNF276;ZNF3;ZNF407;ZNF573;ZNF777;ZNF800;ZNF883	TNXB
324	cg24882324	29	ReprPC	EnhBiv	H2AK119;H3K27me3;H3K27me3B;H4K20me3	AGO1;FUS;HIVEP1;HMGN3;HMGXB4;HNRNPC;HOXA3;INO80;KDM3A;MNX1;MTF2;MXD4;NFAT5;OGG1;PCGF1;PHF19;RBBP4;RBM39;RORC;RYBP;SRSF7;TAF15;TFIIIC;TRIM25;WDR5;ZGPAT;ZNF274;ZNF276;ZNF407;ZNF598;ZNF766;ZNF777;ZNF800;ZNF883;ZNF891	TNXB
325	cg01992382	29	ReprPC	EnhBiv	H2AK119;H3K27me3;H3K27me3B	AGO1;CHD4;EPAS1;FOXO1;HIVEP1;HNRNPC;HOXA3;INO80;IRF8;KDM3A;MNX1;MTF2;OGG1;PCGF1;PHF19;RORC;RYBP;SAFB;SIRT6;TFIIIC;TRIM25;WDR5;ZFP57;ZGPAT;ZNF274;ZNF276;ZNF407;ZNF573;ZNF777;ZNF800;ZNF883;ZNF891	TNXB
326	cg27387193	29	ReprPC	ReprPC	H3K27me3;H3K27me3B	BCL3;EPAS1;FOXO1;HIVEP1;HNRNPC;HOXA3;INO80;IRF8;MNX1;MTF2;OGG1;OLIG2;RORC;RYBP;SAFB;SIRT6;TFIIIC;THAP1;TRIM25;WDR5;ZFP57;ZNF276;ZNF3;ZNF407;ZNF697;ZNF777;ZNF800	TNXB
327	cg00525277	29	ReprPC	EnhBiv	H2AK119;H3K27me3;H3K27me3B	AGO1;CHD4;FOXO1;FUS;HIVEP1;HNRNPC;HOXA3;INO80;IRF8;KDM3A;MNX1;MTF2;PCGF1;PHF19;RORC;RYBP;SIRT6;TFIIIC;TRIM25;WDR5;ZFP57;ZGPAT;ZNF274;ZNF276;ZNF407;ZNF573;ZNF777;ZNF800;ZNF883;ZNF891	TNXB
328	cg15196197	29	ReprPC	EnhBiv	H2AK119;H3K27me3;H3K27me3B;H4K20me3	AGO1;FUS;HIVEP1;HMGN3;HMGXB4;HNRNPC;HNRNPL;HOXA3;INO80;KDM3A;MNX1;MTF2;MXD4;NFAT5;OGG1;PCGF1;PHF19;RBBP4;RBFOX2;RBM14;RORC;RYBP;SIRT6;SRSF7;TAF15;TFIIIC;TRIM25;WDR5;ZGPAT;ZHX2;ZNF274;ZNF407;ZNF598;ZNF766;ZNF777;ZNF800;ZNF883;ZNF891	TNXB
329	cg18935349	30	TssFlnk	Quies	H1.0;H4	TBL1X	MAGEE2
330	cg10701490	30	TssFlnk	Quies	H1.0;H4	CBX2;TBL1X	
331	cg04752574	30	TssFlnk	Quies	H1.0;H4	CBX2;TBL1X	
332	cg20648827	30	TssFlnk	Quies	H1.0;H3K9me2;H4	CBX2;TBL1X	MAGEE2
333	cg27539023	30	TssFlnk	Quies	H1.0;H4	CBX2;TBL1X	MAGEE2
334	cg05152459	30	TssFlnk	Quies	H1.0;H4	CBX2;TBL1X	MAGEE2
335	cg11703777	30	TssFlnk	Quies	H1.0;H4	CBX2;TBL1X	
336	cg03898631	31	ReprPC	ReprPC		CBFA2T2;CEBPB;CEBPD;CHD4;CHD7;EZH2;GLIS3;HCFC1R1;JARID2;NANOG;OGG1;OLIG2;POU2F3;POU4F2;SOX2;SOX3;SS18-SSX;TRIM28;ZGPAT	SOX1-OT;LINC00404
337	cg15736169	31	ReprPC	ReprPC		CBFA2T2;CHD4;CHD7;EZH2;HCFC1R1;JARID2;MITF;MNX1;NANOG;NKX2-1;OGG1;OLIG2;PDX1;POU2F3;POU4F2;SMAD2-3;SOX2;SOX3;SS18-SSX;TRIM28;ZGPAT	SOX1-OT;LINC00404
338	cg19618297	31	ReprPC	ReprPC		CHD7;CTBP2;HIVEP1;NANOG;OGG1;POU5F1;SS18-SSX	SOX1-OT;LINC00404
339	cg24747764	31	ReprPC	ReprPC		CEBPD;CHD4;EZH2;GLIS3;HCFC1R1;JARID2;OLIG2;POU2F3;SOX2;SS18-SSX	SOX1-OT;LINC00404
340	cg12187394	31	ReprPC	ReprPC		GLIS3;JARID2;SS18-SSX	SOX1-OT
341	cg04469219	31	ReprPC	ReprPC	H3F3A;H3K23me2	CBFA2T2;CHD4;CHD7;EZH2;HCFC1R1;JARID2;MITF;MNX1;NANOG;NFATC3;NKX2-1;OGG1;OLIG2;PDX1;POU2F3;SMAD2-3;SOX2;SOX3;SS18-SSX;ZGPAT	SOX1-OT;LINC00404
342	cg18313340	31	ReprPC	ReprPC	H3F3A;H3K23me2	CBFA2T2;CHD4;CHD7;EZH2;JARID2;MITF;MNX1;NFATC3;NKX2-1;OGG1;OLIG2;PDX1;POU2F3;SMAD2-3;SOX3;SS18-SSX	SOX1-OT;LINC00404
343	cg15916160	32	TssBiv	EnhBiv		ATF2;JARID2;MLLT3;PCGF2;PDX1;RNF2;ZNF445	ENSG00000259711;ENSG00000259725
344	cg08454455	32	TssBiv	EnhBiv	H2BK120ub;H2Bub	BMI1;CBX4;CBX8;HDAC6;HEXIM1;HIVEP1;JARID2;MLLT3;MORC2;MTF2;NANOG;PAX6;PCGF2;PDX1;PTBP1;RNF2;RORC;SS18-SSX;WDR5;ZFP36;ZNF479	ENSG00000259711;ENSG00000259725
345	cg13744172	32	ReprPC	ReprPC	H2BK120ub;H2Bub	CBX7;CTBP2;GATA3;HIF3A;JARID2;MLLT3;MTF2;NANOG;OGG1;PCGF2;PDX1;PLAG1;RORC;SS18-SSX;SUZ12;TRIM25;WDR5	ENSG00000259711
346	cg10214640	32	ReprPC	ReprPC		CTBP2;NANOG;ZNF121	ENSG00000259711
347	cg01047631	32	TssBiv	ReprPC	H2AK119;H2BK120ub;H2Bub	CBX7;CTBP2;HDAC6;HEXIM1;HIF3A;JARID2;MLLT3;MTF2;NANOG;OGG1;PAX6;PCGF2;PDX1;PLAG1;RNF2;RORC;SS18-SSX;TRIM25;WDR5	ENSG00000259711;ENSG00000259725
348	cg06138439	32	ReprPC	ReprPC		CTBP2;NANOG;ZNF121	ENSG00000259711
349	cg03426023	32	TssBiv	EnhBiv		ATF2;JARID2;PCGF2;PDX1;RNF2;ZNF445	ENSG00000259711;ENSG00000259725
350	cg00747944	32	ReprPC	ReprPC	H2AK119;H2BK120ub;H2Bub	CBX7;CTBP2;GATA3;HIF3A;JARID2;NANOG;OGG1;POU2F1;RORC;RXR;SS18-SSX;TAF15;TRIM25;WDR5	ENSG00000259711
351	cg21026830	33	ReprPC	ReprPC		CTBP2;SS18-SSX	C14orf39
352	cg12811449	33	ReprPC	ReprPC		CBX2;CLOCK;EBF1	C14orf39
353	cg19981568	33	ReprPC	ReprPC		CBX8;CTBP2;EED;PHF19;ZNF445	C14orf39;SIX6
354	cg10880485	33	ReprPC	ReprPC		CBX8;PCGF2	C14orf39
355	cg00157572	33	ReprPC	ReprPC		CBX4;CTBP2;EED;HEXIM1;OGG1;PCGF2;RORC;TRIM25	C14orf39;SIX6
356	cg06808498	33	ReprPC	ReprPC		CBX8;PCGF2	C14orf39
357	cg10755235	33	ReprPC	ReprPC		BACH1;CTBP2;HEXIM1;KDM6B;PCGF2	C14orf39
358	cg11126767	33	ReprPC	ReprPC		CBX2;MTF2;PCGF2;RORC;SALL3	C14orf39;SIX6
359	cg07862488	33	ReprPC	ReprPC		PCGF2;RORC	C14orf39;SIX6
360	cg24736989	33	ReprPC	ReprPC		BACH1;CTBP2;HEXIM1;KDM6B;PCGF2;SALL2;SALL3;SUZ12	C14orf39
361	cg06830500	33	ReprPC	ReprPC		CBX8;PCGF2	C14orf39
362	cg13019491	33	ReprPC	ReprPC	H2AK119	CBX4;EED;HEXIM1;OGG1;RORC;TRIM25	C14orf39;SIX6
363	cg13169011	33	ReprPC	ReprPC		CTBP2;SS18-SSX	C14orf39
364	cg14698448	34	ReprPC	ReprPC		CBFA2T2;CTBP2;NUTM1;PDX1;ZNF778	ENSG00000223652
365	cg18829827	34	ReprPC	ReprPC		APC;ATF2;CTBP2;GLIS3;JARID2;PCGF2;PRDM14;RORC;SALL3;SAP30;SUZ12;ZNF445	
366	cg04503968	34	ReprPC	ReprPC	H3K27me3	CBX8;CTBP2;FOXL2;HIF3A;MEIS2;PDX1;SUZ12	ENSG00000223652
367	cg02300584	34	ReprPC	ReprPC	H3K27me3	CBX8;FOXL2;MEIS2;PDX1;SUZ12	ENSG00000223652
368	cg04285666	34	ReprPC	ReprPC	H3K27me3B	CHD7;PCGF2;PDX1;SAP30	
369	cg01085125	34	ReprPC	ReprPC	H3K27me3	CTBP2;HIF3A;MEIS2;NUTM1;PDX1;ZNF800	ENSG00000223652
370	cg10595547	35	ReprPC	ReprPC		ARID1B;CBFA2T2;CBFA2T3;CBX7;CC2D1A;CCNT2;CEBPD;CTBP2;ELK1;EOMES;FOXM1;GATA1;GATA4;GATA6;HDAC3;HES1;KLF16;LDB1;MED12;MTF2;NCOA1;NCOR1;NFE2;NFIC;NR2F6;PCGF1;PCGF2;PHC1;PHF19;SOX21;SS18;STAT5A;T;TAL1;VEZF1;ZMIZ1	
371	cg24725789	35	ReprPC	ReprPC		AATF;CTBP2;MTF2;PHF19;RING1;RYBP;SFMBT1;SUZ12	
372	cg15526081	35	ReprPC	ReprPC		AATF;CTBP2;MTF2;PHF19;RING1;RYBP;SFMBT1;SUZ12	
373	cg20038591	35	ReprPC	ReprPC	H3K27me3B	CTBP2;KAT7;MTF2;ZNF90	EMX2
374	cg13630043	35	ReprPC	ReprPC		BMI1;CBX4;CTBP2;EZH2;MTF2;NFATC3;RING1;YBX1;ZNF366	EMX2
375	cg25793931	35	ReprPC	ReprPC		CBX7;JARID2;MTF2;PCGF2;PHF19;RYBP	
376	cg06456154	35	ReprPC	ReprPC		AATF;CTBP2;MTF2;PHF19;RING1;RYBP;SFMBT1;SUZ12	
377	cg05301470	36	TssBiv	ReprPC	H1.4;H2AK9ac;H3.3;H4	CBX7;HIVEP1;HNRNPLL;KDM4A;MNX1;PCGF1;PTBP1;RBM39;RYBP;SAP30;SFPQ;SRSF1;SRSF3;SRSF7;ZNF407;ZNF598;ZNF891	ZBED9;ZBED9-AS1
378	cg12934884	36	TssBiv	ReprPC	H2AK9ac;H3.3;H4	CBX7;HIVEP1;KDM4A;MNX1;PCGF1;RYBP;SAP30;SFPQ;SRSF1;SRSF3;SRSF7;ZNF407;ZNF598;ZNF891	ZBED9;ZBED9-AS1
379	cg17017591	36	TssBiv	ReprPC	H1.4;H3.3;H3F3A;H3K23me2	APC;ATF2;CBX7;GTF3C2;HIVEP1;INO80;KDM4A;PCGF1;RBM39;RING1;RYBP;SALL3;SAP30;SRSF1;SRSF3;ZBTB10;ZBTB20;ZBTB48;ZGPAT;ZHX1;ZNF2;ZNF335;ZNF534;ZNF610;ZXDB	ZBED9;ZBED9-AS1
380	cg11118422	36	TssBiv	ReprPC	H1.4;H2AK119;H2AK9ac;H3.3;H3F3A;H3K23me2	CBX7;HIVEP1;HNRNPLL;KDM4A;MNX1;PCGF1;PTBP1;RBM22;RBM39;RING1;RYBP;SALL3;SAP30;SFPQ;SRSF1;SRSF3;SRSF7;TAF15;ZBTB20;ZBTB48;ZNF407;ZNF534;ZNF550;ZNF598	ZBED9;ZBED9-AS1
381	cg25679766	36	TssBiv	ReprPC	H2AK9ac;H3.3	CBX7;HIVEP1;PCGF1;RYBP;SAP30;SRSF1;ZNF407;ZNF598	ZBED9;ZBED9-AS1
382	cg18383538	36	TssBiv	ReprPC	H1.4;H2AK119;H3.3;H3F3A;H3K23me2	CBX7;GTF3C2;HIVEP1;HNRNPLL;KDM4A;PCGF1;RBM22;RBM39;RING1;RYBP;SALL3;SAP30;SRSF1;SRSF3;SRSF7;TAF15;ZBTB20;ZBTB48;ZGPAT;ZNF407;ZNF534;ZNF550;ZNF598	ZBED9;ZBED9-AS1
383	cg24698655	36	TssBiv	ReprPC	H1.4;H3.3;H3F3A;H3K23me2	APC;CBX7;GTF3C2;HIVEP1;KDM4A;PCGF1;RBM22;RBM39;RING1;RYBP;SALL3;SAP30;SRSF1;SRSF3;TAF15;ZBTB10;ZBTB20;ZBTB48;ZGPAT;ZHX1;ZNF2;ZNF335;ZNF534;ZNF610;ZXDB	ZBED9;ZBED9-AS1
384	cg26977936	36	TssBiv	ReprPC	H2AK9ac;H3.3;H4	CBX7;HIVEP1;HNRNPLL;KDM4A;MNX1;PCGF1;PTBP1;RYBP;SAP30;SFPQ;SRSF1;SRSF3;SRSF7;ZNF407;ZNF598;ZNF891	ZBED9;ZBED9-AS1
385	cg22840361	37	TssBiv	ReprPC	H3K36me3B	CBX7;CTBP2;DUX4;GLIS3;HDAC6;OGG1;PCGF2;PRDM14;RBFOX2;RBM22;SPDEF;SSRP1	ENSG00000275322
386	cg15281710	37	TssBiv	ReprPC		CTBP2;E4F1;FOXK2;ID3;MED12;MRTFB;NUTM1;PRDM4;RELB;RYBP;SSRP1;SUPT16H;ZFP91;ZNF148;ZNF596	
387	cg02326806	37	TssBiv	ReprPC	HistoneLysineCrotonylation	HCFC1R1;RBFOX2;SPDEF;SSRP1	ENSG00000275322
388	cg22178798	37	TssBiv	ReprPC		CBFA2T2;CDKN1B;CHD7;CTBP2;GATAD2B;HIVEP1;ID3;IFNA1;JARID2;MRTFA;MRTFB;MTA3;NUTM1;PATZ1;PRDM14;RBFOX2;RELB;RYBP;SIRT6;SPDEF;SSRP1;TAF15;ZNF148;ZNF695	
389	cg07116712	37	TssBiv	ReprPC	H3K36me3B;HistoneLysineCrotonylation	AATF;CBFA2T2;CBX7;CTBP2;DUX4;GLIS3;HDAC6;OGG1;PCGF2;PRDM14;RBFOX2;RBM22;SPDEF;SSRP1;ZNF257	ENSG00000275322
390	cg10186131	37	TssBiv	ReprPC	HistoneLysineCrotonylation	CBX7;DDX5;PCGF2;RBFOX2;SAP30;SSRP1;ZNF257;ZNF534	ENSG00000275322
391	cg01213447	37	TssBiv	ReprPC	H2AFY2	CHD4;CUX1;ELF3;GATA2;GATA4;IKZF3;IRF1;PHIP;PSIP1;TEAD1;YAP1	NR2F2
392	cg23734137	37	TssBiv	ReprPC		CBX7;ELF3;FOXL2;HOXB8;IKZF2;NFATC3;PCGF2;SP7;VEZF1	NR2F2-AS1
393	cg20933946	37	EnhBiv	ReprPC	H3K79me3	CTBP2;HMGB2;NANOG;PRDM1;PSIP1;SPDEF;ZNF121	
394	cg00033666	37	TssBiv	ReprPC	H3K36me2;HistoneLysineAcetylation;HistoneLysineCrotonylation	CTBP2;DDX5;GATAD2B;GLIS3;HCFC1R1;HEXIM1;HOXA3;IKZF3;OGG1;RBFOX2;RBM14;RORC;SALL3;SPDEF;SS18;SSRP1;TCF7;TP53;WDR5;ZBTB8A;ZNF202;ZNF534	ENSG00000275322
395	cg22460896	37	TssBiv	ReprPC	H2AK5ac;H3K36me3B;HistoneLysineAcetylation;HistoneLysineCrotonylation	AATF;CBFA2T2;CBX7;CTBP2;GLIS3;HDAC6;HDGF;HNRNPL;OGG1;ONECUT1;PCGF2;PRDM14;RBFOX2;RBM22;SSRP1;ZBTB8A;ZNF257;ZNF891	ENSG00000275322
396	cg17454263	37	TssBiv	ReprPC		CBX7;CDX2;CTBP2;GLIS3;OSR2;PCGF2;PDX1;RARA;SP7;SPDEF;SSRP1;SUZ12;ZBTB8A;ZNF2;ZNF843	ENSG00000275322
397	cg24491784	37	TssBiv	ReprPC	H3K36me3B	CBX7;CTBP2;DUX4;GLIS3;PCGF2;PRPF4;RBFOX2;RELB;SPDEF;SSRP1	ENSG00000275322
398	cg20037575	37	TssBiv	ReprPC		CBX7;CDX2;CTBP2;GATAD2B;GLIS3;HEXIM1;HOXA3;OGG1;PDX1;RBFOX2;RBM22;RORC;SOX4;SPDEF;SS18;SSRP1;SUZ12;TCF7;WDR5;ZBTB8A;ZNF300	ENSG00000275322
399	cg09088153	37	TssBiv	ReprPC		CBFA2T2;CDKN1B;CHD7;CTBP2;FOSL1;FOXK2;GATAD2B;HIVEP1;ID3;JARID2;MRTFA;MRTFB;MTA3;NUTM1;PATZ1;PRDM4;RBFOX2;RELB;RYBP;SIRT6;SPDEF;SSRP1;TAF15;TEAD1;ZNF148;ZNF695	
400	cg00032912	37	TssBiv	ReprPC	HistoneLysineCrotonylation	DDX5;HCFC1R1;RBFOX2;SAP30;SSRP1;ZNF257	ENSG00000275322
401	cg01833675	38	Quies	Quies	H2BK20ac	ARID1B;ARID3A;ATF2;ATF4;BACH1;BCL11A;CBFA2T3;CCNT2;CEBPD;CREB3;CREB3L1;DDX20;E4F1;ELF4;EP400;ETV1;EVI1;FOXK2;GABPB1;GATA1;GATA2;GATA3;GTF2B;HAND2;HDAC8;HIF3A;HMBOX1;ID3;ILF3;IRF1;ISL1;KLF1;LDB1;LEF1;LMO2;LYL1;MAFF;MAFG;MECOM;MED12;MEIS1;MEIS2;MIER1;MRTFB;MTA3;NCOA1;NCOR1;NFATC1;NFATC3;NFE2;NFRKB;NR2C2;NR2F2;NR2F6;PYGO2;RAD51;RBFOX2;SETDB1;SMAD5;SMARCC2;SRF;STAT5A;TAF7;TAL1;TBL1XR1;TFEB;TRIM28;ZBTB16;ZBTB40;ZNF592;ZNF639;ZSCAN29	
402	cg25313930	38	Quies	TssA	H2BK20ac	ARID1B;ARID3A;ATF2;ATF4;BACH1;BCL11A;CBFA2T3;CEBPD;CREB3;CREB3L1;E4F1;ELF4;EP400;EVI1;EZH1;FOXK2;GABPB1;GATA1;GATA2;GATA3;GTF2B;HDAC8;HEXIM1;HIF3A;HMBOX1;ID3;ILF3;IRF1;ISL1;JUNB;KLF1;LMO2;MAF;MAFG;MED12;MEIS2;MGA;MIER1;MITF;MRTFB;MTA3;NCOA1;NCOR1;NFATC1;NFATC3;NFE2;NFRKB;NR2C2;NR2F2;NR2F6;PYGO2;RAD51;RBFOX2;RBM39;SAP30;SETDB1;SMAD5;SMARCC2;SRF;TAF7;TBL1XR1;TRIM28;UBTF;XRCC5;ZBTB16;ZBTB40;ZKSCAN1;ZNF175;ZNF592;ZNF639;ZSCAN29	FAM124B
403	cg00698413	38	Quies	TssA	H1.0;H1.4;H4	ARID1B;ARRB1;ASCL1;ATF2;ATF4;BCL11A;CEBPD;CREB3;CREB3L1;E4F1;ELF4;EP400;EZH1;FOXK2;FOXO1;FOXP2;GABPB1;HDAC8;HEXIM1;HMBOX1;ID3;ILF3;INTS13;IRF1;IRF2;KLF1;MAF;MGA;MIER1;MITF;MTA3;NCOA1;NCOR1;NFATC1;NFATC3;NFE2;NFRKB;NR2F2;PLAG1;RAD51;RBFOX2;RBM39;SAP30;SETDB1;SMAD5;SMARCC2;TAF7;TBL1XR1;TRIM28;USF2;XRCC5;ZBTB40;ZKSCAN1;ZNF175;ZNF257;ZNF407;ZNF592;ZNF598;ZSCAN29	FAM124B
404	cg18890556	38	Quies	Quies	H1.0;H1.4;H4	ARRB1;ATF2;CREB3;CREB3L1;E4F1;EP400;EZH1;FOXO1;HMBOX1;ID3;ILF3;INTS13;IRF1;IRF2;KLF1;MAF;MGA;MIER1;MITF;MTA3;NCOR1;NFAT5;NFATC1;NFATC3;PLAG1;RBFOX2;RBM39;SAP30;SETDB1;SMAD5;TRIM28;USF2;XRCC5;ZBTB40;ZNF257;ZNF407;ZNF592;ZNF598;ZSCAN29	FAM124B
405	cg01244015	38	Quies	Quies	H2BK20ac	ARID1B;ARID3A;ATF2;ATF4;BACH1;BCL11A;CBFA2T3;CCNT2;CREB3;CREB3L1;E4F1;ELF4;EP400;ETV1;EVI1;FOXK2;GABPB1;GATA1;GATA2;GATA3;GTF2B;HDAC8;HEXIM1;HIF3A;HMBOX1;ID3;ILF3;IRF1;ISL1;JUNB;KLF1;LDB1;LMO2;LYL1;MAF;MAFF;MAFG;MECOM;MED12;MEIS1;MEIS2;MIER1;MRTFB;MTA3;NCOA1;NCOR1;NFATC1;NFATC3;NFE2;NFRKB;NR2C2;NR2F2;NR2F6;PYGO2;RAD51;RBFOX2;SETDB1;SMAD5;SMARCC2;SRF;STAT5A;TAF7;TAL1;TBL1XR1;TRIM28;XRCC5;ZBTB16;ZBTB40;ZNF592;ZNF639;ZSCAN29	
406	cg10114725	38	Quies	TssA	H1.0	ARID1B;ARID3A;ATF2;ATF4;BACH1;BCL11A;CBFA2T3;CEBPD;CREB3;CREB3L1;E4F1;ELF4;EP400;EZH1;FOXK2;FOXP2;GABPB1;GATA2;GTF2B;HDAC8;HEXIM1;HIF3A;HMBOX1;ID3;ILF3;INTS13;IRF1;JUNB;KLF1;MAF;MAFG;MGA;MIER1;MITF;MRTFB;MTA3;NCOA1;NCOR1;NFATC1;NFATC3;NFE2;NFRKB;NR2F2;PLAG1;PYGO2;RAD51;RBFOX2;RBM39;SAP30;SETDB1;SMAD5;SMARCC2;SRF;TAF7;TBL1XR1;TRIM28;UBTF;XRCC5;ZBTB16;ZBTB40;ZKSCAN1;ZNF175;ZNF592;ZNF639;ZSCAN29	FAM124B
407	cg24516901	38	Quies	Quies	H2BK20ac	ARID1B;ARID3A;ATF2;ATF4;BACH1;BCL11A;CBFA2T3;CEBPD;CREB3;CREB3L1;E4F1;ELF4;EP400;EVI1;EZH1;FOXK2;GABPB1;GATA1;GATA2;GATA3;GTF2B;HDAC8;HEXIM1;HIF3A;HMBOX1;ID3;ILF3;IRF1;ISL1;JUNB;KLF1;LMO2;LYL1;MAF;MAFG;MED12;MEIS2;MGA;MIER1;MITF;MRTFB;MTA3;NCOA1;NCOR1;NFATC1;NFATC3;NFE2;NFRKB;NR2C2;NR2F2;NR2F6;PYGO2;RAD51;RBFOX2;RBM39;SAP30;SETDB1;SMAD5;SMARCC2;SRF;TAF7;TAL1;TBL1XR1;TRIM28;UBTF;XRCC5;ZBTB16;ZBTB40;ZKSCAN1;ZNF175;ZNF592;ZNF639;ZSCAN29	FAM124B
408	cg04021697	39	EnhBiv	BivFlnk	H2AK119;H3K27me3;H3K27me3B	ARID4B;BACH1;CBX4;CBX7;CTBP2;EED;GATAD2B;HIVEP1;HOXA3;KDM6B;MBD2;MNX1;MORC2;MTF2;OGG1;PCBP1;PCGF2;PLAG1;PRDM14;PRPF4;RBFOX2;RING1;SIRT6;SRSF3;SS18;TAF15;ZNF257;ZNF274;ZNF3;ZNF407;ZNF596	WRAP73
409	cg01434649	39	EnhBiv	EnhBiv	H2AK119;H2AK119ub;H3K27me3;H3K27me3B	ARID3A;CTBP2;EED;EZH2;GATAD2B;GTF3C2;HIF3A;HIVEP1;HOXA3;JARID2;MBD2;MTF2;OGG1;PRPF4;RBM22;RBM39;SALL3;SIRT6;SMAD2-3;SMARCA5;SRSF7;SUZ12;U2AF1;ZBTB7B;ZNF274;ZNF276;ZNF3;ZNF572	WRAP73
410	cg20611911	39	EnhBiv	EnhBiv	H2AK119;H2AK119ub;H3K27me3;H3K27me3B	CTBP2;EED;EZH2;GATAD2B;GTF3C2;HIF3A;HNRNPC;HOXA3;JARID2;KLF8;MBD2;MTF2;NFAT5;OGG1;PRPF4;RBM22;RBM39;SALL3;SIRT6;SMAD2-3;SMARCA5;SUZ12;U2AF1;ZBTB7B;ZFY;ZNF274;ZNF276;ZNF3;ZNF550;ZNF572	WRAP73
411	cg20677901	39	TssBiv	EnhBiv	H2AK119;H2AK119ub;H3K27me3	AATF;AGO1;ARID4A;ARID4B;BACH1;CBFA2T2;CBX4;CTBP2;EED;EZH2;GATAD2B;GTF3C2;HIF3A;HNRNPC;HOXA3;IKZF2;JARID2;KAT7;KDM3A;KLF12;KLF8;MNX1;MTF2;MXD4;NANOG;NFKBIZ;OGG1;PCBP1;PRDM14;PRPF4;PTBP1;RBM39;SALL3;SUZ12;TAF15;ZBTB20;ZBTB7B;ZFY;ZNF274;ZNF276;ZNF3;ZNF550;ZNF572;ZNF598	WRAP73
412	cg01915516	39	TssBiv	EnhBiv	H2AK119;H2AK119ub;H3K27me3	AATF;AGO1;ARID4A;ARID4B;BACH1;CBFA2T2;CBX4;CTBP2;EED;EZH2;GATAD2B;GTF3C2;HIF3A;HNRNPC;HOXA3;IKZF2;JARID2;KAT7;KDM3A;KLF12;KLF8;MNX1;MTF2;MXD4;NANOG;NFKBIZ;OGG1;PATZ1;PCBP1;PLAG1;PRDM14;PRPF4;PTBP1;RBM39;SALL3;SIRT6;SUZ12;TAF15;TFDP2;TFIIIC;ZBTB20;ZBTB7B;ZFY;ZNF274;ZNF276;ZNF3;ZNF550;ZNF572;ZNF598	WRAP73
413	cg00295572	39	TssBiv	EnhBiv	H2AK119;H2AK119ub;H3K27me3	AATF;AGO1;ARID4A;ARID4B;BACH1;CBFA2T2;CBX4;CTBP2;EED;EZH2;GATAD2B;GTF3C2;HIF3A;HNRNPC;HOXA3;IKZF2;JARID2;KAT7;KDM3A;KLF12;KLF8;MNX1;MTF2;MXD4;NANOG;NFKBIZ;OGG1;PATZ1;PCBP1;PLAG1;PRDM14;PRPF4;PTBP1;RBM39;SALL3;SIRT6;SUZ12;TAF15;TFDP2;ZBTB20;ZBTB7B;ZFY;ZNF274;ZNF276;ZNF3;ZNF550;ZNF572;ZNF598	WRAP73
414	cg16823083	39	EnhBiv	EnhBiv	H2AK119;H2AK119ub;H3K27me3;H3K27me3B	ARID4B;BACH1;CBX4;CBX7;CTBP2;EED;GATAD2B;HIVEP1;HOXA3;KDM6B;MNX1;MTF2;OGG1;PCBP1;PCGF2;PLAG1;PRDM14;PRPF4;RBM22;RBM39;RING1;SIRT6;SRSF3;SS18;TAF15;ZNF3;ZNF596	WRAP73
415	cg25731359	39	EnhBiv	EnhBiv	H2AK119;H2AK119ub;H3K27me3;H3K27me3B	AATF;CBX7;EED;HOXA3;OGG1;PLAG1;PRPF4;RBM39;SALL3;SIRT6;SRSF7;SUZ12;ZBTB7B	WRAP73
416	cg14781922	39	EnhBiv	EnhBiv	H2AK119;H3K23me2;H3K27me3	AGO1;ARID4A;ARID4B;CBFA2T2;CTBP2;EED;EZH2;GATAD2B;GTF3C2;HIF3A;HNRNPC;HOXA3;IKZF2;JARID2;KDM6B;KLF12;KLF8;MNX1;MTF2;NANOG;NFAT5;OGG1;PRDM14;PRPF4;PTBP1;RBM39;SALL3;SUZ12;TAF15;TP63;ZBTB20;ZBTB7B;ZFY;ZNF274;ZNF276;ZNF3;ZNF550;ZNF572	WRAP73
417	cg04391111	39	EnhBiv	EnhBiv	H2AK119;H2AK119ub;H3K23me2;H3K27me3	AGO1;CBFA2T2;CTBP2;EED;EZH2;GATAD2B;GTF3C2;HIF3A;HNRNPC;JARID2;KDM6B;KLF8;MTF2;NFAT5;OGG1;PRPF4;RBM22;RBM39;SALL3;SMARCA5;SUZ12;ZBTB7B;ZFY;ZNF274;ZNF276;ZNF3;ZNF550;ZNF572	WRAP73
418	cg11256802	39	TssBiv	TssA	H2BK20ac	ATF2;CRX;ELF3;FOXP1;GABPB1;JUNB;KLF13;KLF3;KLF4;MLLT1;NFATC2;PCGF2;RBBP4;RING1;RNF2;RYBP;SAP30;SIX1;SUZ12;THAP11;ZBTB20;ZBTB40;ZBTB8A;ZNF189;ZNF335;ZNF561;ZNF800;ZSCAN16	WRAP73
419	cg10038618	39	EnhBiv	EnhBiv	H2AK119;H2AK119ub;H3K27me3	AATF;ARID4B;CBX4;CBX7;EED;HOXA3;OGG1;PLAG1;PRPF4;RBM39;SALL3;SIRT6;SRSF7;SUZ12;ZBTB7B	WRAP73
420	cg00565688	39	TssBiv	EnhBiv	H2AK119;H2AK119ub;H3K27me3	AATF;AGO1;ARID4A;ARID4B;BACH1;CBFA2T2;CBX4;CTBP2;EED;EZH2;GATAD2B;GTF3C2;HIF3A;HNRNPC;HOXA3;IKZF2;JARID2;KAT7;KDM3A;KLF12;KLF8;MNX1;MTF2;MXD4;NANOG;NFKBIZ;OGG1;PATZ1;PCBP1;PRDM14;PRPF4;PTBP1;RBM39;SALL3;SUZ12;TAF15;ZBTB20;ZBTB7B;ZFY;ZNF274;ZNF276;ZNF3;ZNF550;ZNF572;ZNF598	WRAP73
421	cg24073122	39	EnhBiv	EnhBiv	H2AK119;H2AK119ub;H3K27me3;H3K27me3B	AGO1;CBFA2T2;CTBP2;EED;EZH2;GATAD2B;GTF3C2;HIF3A;HNRNPC;JARID2;KDM6B;KLF8;MTF2;NFAT5;OGG1;PRPF4;RBM22;RBM39;SALL3;SMARCA5;SUZ12;ZBTB7B;ZFY;ZNF274;ZNF276;ZNF3;ZNF550;ZNF572	WRAP73
422	cg12475507	39	EnhBiv	EnhBiv	H2AK119;H2AK119ub;H3K27me3;H3K27me3B	AATF;ARID3A;CTBP2;EED;EZH2;GATAD2B;HIF3A;HIVEP1;HOXA3;JARID2;MBD2;MTF2;OGG1;PRPF4;RBM22;RBM39;SALL3;SIRT6;SMAD2-3;SMARCA5;SRSF7;SUZ12;U2AF1;ZBTB7B;ZNF274;ZNF276;ZNF3;ZNF572	WRAP73
423	cg07382920	39	EnhBiv	EnhBiv	H2AK119;H2AK119ub;H3K27me3;H3K27me3B	AATF;ARID4B;CBX4;CBX7;HOXA3;KDM6B;MTF2;OGG1;PCGF2;PLAG1;RBM39;SIRT6;SRSF7	WRAP73
424	cg17496659	39	TssBiv	EnhBiv	H2AK119;H2AK119ub;H3K27me3	AATF;AGO1;ARID4A;ARID4B;BACH1;CBFA2T2;CBX4;CTBP2;EED;EZH2;GATAD2B;GTF3C2;HIF3A;HNRNPC;HOXA3;IKZF2;JARID2;KAT7;KDM3A;KLF12;KLF8;MNX1;MTF2;MXD4;NANOG;NFKBIZ;OGG1;PATZ1;PCBP1;PLAG1;PRDM14;PRPF4;PTBP1;RBM39;SALL3;SIRT6;SUZ12;TAF15;TFDP2;TFIIIC;ZBTB20;ZBTB7B;ZFY;ZNF274;ZNF276;ZNF3;ZNF550;ZNF572;ZNF598	WRAP73
425	cg11608150	40	TssBiv	TssA	H2AK9ac;H2BK20ac;H3K9me1	BCL3;CDKN1B;ELF3;HMGB2;PCGF1;RYBP;SAP30;SMARCA5;TP63;ZNF3	
426	cg18678645	40	TssA	TssA	H1.4;H3	AFF4;APC;ARID1B;ARID3A;ATF1;ATF2;ATF3;ATF7;BCL3;BCL6;BDP1;BMPR1A;BRD9;BRF2;CDK6;CDKN1B;CEBPB;CREB1;CREB3L1;CREM;DEAF1;DEK;E2F6;E2F8;E4F1;EED;ELL2;EP400;FOS;FOSL1;FOSL2;FOXK2;FOXO1;GATA2;GATAD2B;GFI1B;GSPT2;GTF2B;GTF3C2;HDAC6;HDAC8;HEXIM1;HMBOX1;IKZF2;ILF3;IRF1;IRF3;IRF4;JUN;KDM4B;KDM6B;KLF13;KLF6;KMT2B-D;MAFF;MAFK;MED12;MEF2A;MEF2B;MEIS2;MGA;MITF;MLLT1;MRTFB;MTA3;NBN;NCBP1;NELFCD;NEUROD1;NFATC1;NFE2;NFE2L2;NFIC;NR2F2;OGG1;PCGF1;PHF20;PKNOX1;PLAG1;POU2F2;RB1;RBBP5;RBFOX2;RBM39;RELB;RFX5;RYBP;SKIL;SMARCA5;SOX4;SPI1;SPIB;SREBF1;SREBF2;SREBP2;SRF;STAT1;TBL1X;TCF7;TEAD4;TERT;TFDP1;TP53;TRIM22;TRIM25;UBTF;USF1;USF2;VEZF1;XRCC5;XRN2;ZBED2;ZBTB12;ZBTB33;ZBTB40;ZFP36;ZHX1;ZKSCAN1;ZNF24;ZNF3;ZNF407;ZNF592;ZNF764;ZNF90;ZSCAN29	
427	cg04481923	40	TssA	TssA	H3	AFF4;APC;ARID1B;ARID3A;ATF2;ATF3;ATF7;BCL3;BDP1;BMI1;BMPR1A;BRD9;BRF2;CDK6;CDKN1B;CEBPB;CREB3L1;CREM;DEAF1;DEK;E2F8;E4F1;ELL2;EP400;FOS;FOSL1;FOSL2;FOXK2;GATA2;GFI1B;GTF2B;GTF3C2;HDAC6;HDAC8;HMBOX1;ILF3;IRF1;KLF13;KMT2B-D;MAFF;MAFK;MEF2A;MEIS2;MLLT3;MRTFB;MTA3;NBN;NCBP1;NEUROD1;NEUROG2;NFIC;NR2F2;PHF20;PKNOX1;POU2F2;RB1;RBFOX2;RBM39;RELB;RFX5;RXRA;RYBP;SHOX2;SKIL;SMARCA5;SND1;SOX4;SREBF1;SREBF2;SREBP2;TBL1XR1;TCF7;TEAD4;TERT;TFDP1;THAP1;TRIM22;TRIM24;UBN1;USP7;XRCC5;XRN2;ZBED2;ZBTB12;ZBTB33;ZBTB40;ZFP36;ZHX1;ZKSCAN1;ZNF24;ZNF407;ZNF592;ZNF764;ZSCAN29	VTRNA2-1;Vault
428	cg00124993	40	TssA	TssA	H1.4;H3;H3K27me1;H3K36ac	AFF4;APC;ARID1B;ARID3A;ATF1;ATF2;ATF3;ATF7;BCL3;BCL6;BDP1;BMPR1A;BRD9;CDK6;CDK8;CDKN1B;CREB1;CREB3L1;CREM;DEK;DIDO1;E2F3;E2F6;E2F8;E4F1;EED;ELL2;EP400;FOSL1;FOXK2;FOXO1;GABPB1;GATAD2B;GFI1B;GSPT2;GTF2B;HDAC6;HDGF;HEXIM1;HMGB2;HMGN3;HOXA3;IFNA1;IKZF2;ILF3;IRF1;IRF3;IRF4;JUN;KDM4B;KDM6B;KLF13;KLF4;KLF6;KMT2B-D;MAFF;MED12;MEF2A;MEF2B;MEIS2;MGA;MITF;MLLT1;MRTFB;MTA3;NBN;NCBP1;NELFCD;NEUROD1;NFATC1;NFE2L2;NFIC;OGG1;PCGF1;PHF20;PKNOX1;PLAG1;POU2F2;PPARG;RB1;RBBP5;RBFOX2;RBM39;RELB;RFX5;RYBP;SAP30;SKIL;SMAD5;SPI1;SPIB;SREBF2;SREBP2;SRF;STAT1;TBL1X;TCF7;TEAD4;TFDP1;TP53;TRIM22;TRIM25;UBTF;USF1;USF2;VEZF1;XRCC5;XRN2;ZBTB12;ZBTB33;ZBTB40;ZHX1;ZKSCAN1;ZNF24;ZNF3;ZNF592;ZNF90	
429	cg06536614	40	TssA	TssA	H1.4;H3	AFF4;APC;ARID1B;ARID3A;ATF1;ATF2;ATF3;ATF7;BCL3;BCL6;BDP1;BMPR1A;BRD9;BRF2;CDK6;CDKN1B;CREB1;CREB3L1;CREM;DEK;DIDO1;E2F3;E2F6;E2F8;E4F1;EED;ELL2;EP400;FOSL1;FOSL2;FOXK2;FOXO1;GATAD2B;GFI1B;GSPT2;GTF2B;HDAC6;HDAC8;HEXIM1;HMGN3;HOXA3;IFNA1;IKZF2;ILF3;IRF1;IRF3;IRF4;JUN;KDM4B;KDM6B;KLF13;KLF6;KMT2B-D;MAFF;MED12;MEF2A;MEF2B;MEIS2;MGA;MITF;MLLT1;MRTFB;MTA3;NBN;NCBP1;NELFCD;NEUROD1;NFATC1;NFE2;NFE2L2;NFIC;NIPBL;NR2F2;OGG1;PCGF1;PHF20;PKNOX1;PLAG1;POU2F2;PPARG;RB1;RBBP5;RBFOX2;RBM39;RELB;RFX5;RYBP;SAP30;SKIL;SMAD5;SOX4;SPI1;SPIB;SREBF2;SREBP2;SRF;STAT1;TBL1X;TCF7;TEAD4;TFDP1;TP53;TRIM22;TRIM25;UBTF;USF1;USF2;VEZF1;XRCC5;XRN2;ZBTB12;ZBTB33;ZBTB40;ZFP36;ZHX1;ZKSCAN1;ZNF24;ZNF3;ZNF407;ZNF592;ZNF90	
430	cg25340688	40	TssA	TssA	H1.4;H3;H3K36ac	AFF4;APC;ARID1B;ARID3A;ATF1;ATF2;ATF3;ATF7;BCL3;BCL6;BDP1;BMPR1A;BRD9;CDK6;CDKN1B;CREB1;CREB3L1;CREM;DEK;DIDO1;E2F3;E2F6;E2F8;E4F1;EED;ELL2;EP400;FOSL1;FOSL2;FOXK2;FOXO1;GATAD2B;GFI1B;GSPT2;GTF2B;HDAC6;HDGF;HEXIM1;HMGN3;HOXA3;IFNA1;IKZF2;ILF3;IRF1;IRF3;IRF4;JUN;KDM4B;KDM6B;KLF13;KLF6;KMT2B-D;MAFF;MED12;MEF2A;MEF2B;MEIS2;MGA;MITF;MLLT1;MRTFB;MTA3;NBN;NCBP1;NELFCD;NEUROD1;NFATC1;NFE2;NFE2L2;NFIC;NIPBL;NR2F2;OGG1;PCGF1;PHF20;PKNOX1;PLAG1;POU2F2;PPARG;RB1;RBBP5;RBFOX2;RBM39;RELB;RFX5;RYBP;SAP30;SKIL;SMAD5;SOX4;SPI1;SPIB;SREBF2;SREBP2;SRF;STAT1;TBL1X;TCF7;TEAD4;TFDP1;TP53;TRIM22;TRIM25;UBTF;USF1;USF2;VEZF1;XRCC5;XRN2;ZBTB12;ZBTB33;ZBTB40;ZFP36;ZHX1;ZKSCAN1;ZNF24;ZNF3;ZNF592;ZNF90	
431	cg26328633	40	TssA	TssA	H1.4;H3;H3K36ac	AFF4;APC;ARID1B;ARID3A;ATF1;ATF2;ATF3;ATF7;BCL3;BCL6;BDP1;BMPR1A;BRD9;CDK6;CDKN1B;CREB1;CREB3L1;CREM;DEK;DIDO1;E2F3;E2F6;E2F8;E4F1;EED;ELL2;EP400;FOSL1;FOSL2;FOXK2;FOXO1;GATAD2B;GFI1B;GSPT2;GTF2B;HDAC6;HDGF;HEXIM1;HMGN3;HOXA3;IFNA1;IKZF2;ILF3;IRF1;IRF3;IRF4;JUN;KDM4B;KDM6B;KLF13;KLF6;KMT2B-D;MAFF;MED12;MEF2A;MEF2B;MEIS2;MGA;MITF;MLLT1;MRTFB;MTA3;NBN;NCBP1;NELFCD;NEUROD1;NFATC1;NFE2;NFE2L2;NFIC;NIPBL;NR2F2;OGG1;PCGF1;PHF20;PKNOX1;PLAG1;POU2F2;PPARG;RB1;RBBP5;RBFOX2;RBM39;RELB;RFX5;RYBP;SAP30;SKIL;SMAD5;SOX4;SPI1;SPIB;SREBF2;SREBP2;SRF;STAT1;TBL1X;TCF7;TEAD4;TFDP1;TP53;TRIM22;TRIM25;UBTF;USF1;USF2;VEZF1;XRCC5;XRN2;ZBTB12;ZBTB33;ZBTB40;ZFP36;ZHX1;ZKSCAN1;ZNF24;ZNF3;ZNF592;ZNF90	
432	cg23189410	41	ReprPC	ReprPC		CBX2;CBX7;CHD7;PCGF2;PHC1;POU2F1;RARA;SOX2;SUPT16H;SUZ12	ZIC1
433	cg08855449	41	ReprPC	ReprPC	H4K20me1	CBX2;CBX7;CHD7;PCGF1;PCGF2;PHC1;RARA;RXRA;SOX2	ZIC1
434	cg11142389	41	ReprPC	ReprPC		CBX2;CBX7;CHD7;PCGF1;PCGF2;PHC1;RARA;SOX2;SUPT16H;SUZ12	ZIC1
435	cg26400885	41	ReprPC	ReprPC	H4K20me1	CBX7;PCGF2;RXRA;SOX2	ZIC1
436	cg17546247	41	ReprPC	ReprPC		CBX2;CBX7;CHD7;PCGF2;PHC1;POU2F1;RARA;SOX2;SUPT16H;SUZ12	ZIC1
437	cg12419052	41	ReprPC	ReprPC	H4K20me1	CBX7;PCGF2;RXRA;SOX2	ZIC1
438	cg23449696	41	ReprPC	ReprPC	H4K20me1	CBX2;CBX7;CHD7;PCGF1;PCGF2;PHC1;RARA;RXRA;SOX2	ZIC1
439	cg00781110	42	EnhBiv	ReprPC		AATF;BMPR1A;EED;GLIS3;MTF2;OGG1;PHF19;SALL3;SS18	ISLR2;ENSG00000248540
440	cg07917269	42	EnhBiv	ReprPC		AATF;BMPR1A;CTBP2;MTF2;SALL3;SS18	ISLR2;ENSG00000248540
441	cg05547902	42	EnhBiv	ReprPC		AATF;BMPR1A;EED;GLIS3;MTF2;OGG1;PHF19;SALL3;SS18	ISLR2;ENSG00000248540
442	cg10988673	42	ReprPC	ReprPC		CBFA2T2;HIF3A;ZNF341	ISLR2
443	cg04138492	42	EnhBiv	EnhBiv		CBX2;EED;GLIS3;MTF2;NUTM1;PHF19;PRDM14;SMAD2-3	ISLR2;ENSG00000248540
444	cg25828462	42	EnhBiv	ReprPC		AATF;BMPR1A;EED;GLIS3;MTF2;OGG1;PHF19;SALL3;SS18	ISLR2;ENSG00000248540
445	cg21131024	43	TssBiv	ReprPC	H1.0;H1.4;H2AK119;H3K27me3;H4;HistoneLysineAcetylation;HistoneLysineCrotonylation	ASCL1;FOXO1;HEXIM1;KDM4A;LDB1;MECOM;NEUROG2;OGG1;PATZ1;PCGF1;RBM39;RORC;RUNX1T1;RYBP;SIRT6;SOX4;SP3;TBL1X;TWIST1;UBTF;ZBTB20;ZBTB26;ZBTB8A	BAALC;BAALC-AS2
446	cg19790640	43	TssBiv	ReprPC	H1.4;H3K23me2	EVI1;MTF2;NEUROG2;PCGF1;RORC;SPI1;TWIST1;ZBTB20;ZBTB8A	BAALC
447	cg14025053	43	TssBiv	ReprPC	H1.0;H1.4;H2AK119;H3K23me2;H3K27me3;H4;HistoneLysineAcetylation;HistoneLysineCrotonylation	ASCL1;FOXO1;HEXIM1;JARID2;KDM4A;LDB1;MECOM;NEUROG2;OGG1;PATZ1;PCGF1;RBM39;RORC;RUNX1T1;RYBP;SIRT6;SOX4;SP3;TBL1X;TWIST1;UBTF;ZBTB20;ZBTB26;ZBTB8A	BAALC;BAALC-AS2
448	cg16314639	43	TssBiv	ReprPC	H1.0;H1.4	EVI1;MECOM;MTF2;NEUROG2;OGG1;PATZ1;PCGF1;RORC;RUNX1T1;RYBP;SOX4;SP3;SPI1;TWIST1;ZBTB20;ZBTB26;ZBTB8A	BAALC
449	cg23816247	43	TssBiv	ReprPC	H1.4;H3K23me2	EVI1;MTF2;NEUROG2;PCGF1;RORC;SPI1;TWIST1;ZBTB20;ZBTB8A	BAALC
450	cg13094252	43	TssBiv	ReprPC	H1.0;H1.4;H3K27me3	ASCL1;EVI1;FOXO1;MECOM;MTF2;NEUROG2;OGG1;PATZ1;PCGF1;RORC;RUNX1T1;RYBP;SOX4;SP3;SPI1;TWIST1;ZBTB20;ZBTB26;ZBTB8A	BAALC
451	cg18168101	43	TssBiv	ReprPC	H1.0;H1.4;H2AK119;H3K23me2;H3K27me3;H4;HistoneLysineAcetylation;HistoneLysineCrotonylation	ASCL1;FOXO1;HEXIM1;JARID2;KDM4A;LDB1;MECOM;NEUROG2;OGG1;PATZ1;PCGF1;RBM39;RORC;RUNX1T1;RYBP;SIRT6;SOX4;SP3;TBL1X;TWIST1;UBTF;ZBTB20;ZBTB26;ZBTB8A	BAALC;BAALC-AS2
452	cg19329160	44	EnhBiv	EnhBiv	H2AK119	CBFA2T2;CBX7;CTBP2;EED;GLIS3;HCFC1R1;HIVEP1;JARID2;OGG1;RORC;RXR;SALL3;TBL1X;ZNF891	OBI1-AS1
453	cg15126179	44	ReprPC	ReprPC		CBX7;CTBP2;EED;JARID2;MTF2;SS18-SSX	OBI1-AS1
454	cg08403195	44	ReprPC	ReprPC		CBFA2T2;CBX7;CTBP2;EED;JARID2;MTF2;TP63	OBI1-AS1
455	cg14010318	44	TssBiv	BivFlnk	H2AK119ub;H3K27me3;H3K27me3B;H4K20me1	CBX7;EED;HIF3A;PCGF2;PHF19;RING1	OBI1-AS1
456	cg21840976	44	ReprPC	ReprPC		CBX7;CTBP2;EED;JARID2;MTF2;PCGF2;SS18-SSX	OBI1-AS1
457	cg12064276	44	EnhBiv	EnhBiv		CBX7;CTBP2;EED;GLIS3;JARID2;OGG1;RORC;ZNF891	OBI1-AS1
458	cg06245037	45	ReprPC	ReprPC		MTF2;RBM39;TAF15;ZFP36;ZMYM3	
459	cg08149193	45	ReprPC	ReprPC		BCOR;CTBP2;MTF2;TAF15;ZFP36;ZMYM3	
460	cg19520927	45	ReprPC	ReprPC	H2AK119	AFF1;CBFA2T2;CTBP2;EP400;FOSL1;GLIS3;HDAC8;HES1;HEXIM1;INO80;KDM4A;KDM4B;KLF1;MGA;MTA3;MTF2;OGG1;PCGF2;PRDM14;RBFOX2;SS18;UBTF;VEZF1;XRCC5;ZBTB40;ZFP36	
461	cg04549333	45	ReprPC	EnhBiv	H2AK119	CTBP2;EED;HDAC6;HEXIM1;OGG1;RORC;ZNF605	ALX4
462	cg24008884	45	ReprPC	ReprPC		BCOR;CTBP2;PCGF2;PRDM14;ZNF736	
463	cg08965888	45	ReprPC	ReprPC	H3K23me2	ARID1B;CBFA2T2;CTBP2;DIDO1;EP400;FOSL1;FOXK2;GABPB1;GFI1B;HDAC6;HES1;INO80;KDM4A;KDM4B;KLF16;MGA;MTA3;MTF2;NR4A1;OGG1;PCGF2;PRDM10;RBFOX2;THAP1;TRIM28;UBTF;VEZF1;XRCC5;ZBTB40;ZKSCAN1;ZNF184;ZNF644;ZNF800	
464	cg18546622	45	ReprPC	ReprPC	H2AK119	PARP1;PCBP1;ZNF3;ZNF558;ZNF891	ALX4
465	cg16321280	45	ReprPC	ReprPC		MTF2;RBM39;TAF15;ZFP36;ZMYM3	
466	cg16065899	45	ReprPC	ReprPC		MTF2;RBM39;TAF15;ZFP36;ZMYM3	
467	cg02184008	45	ReprPC	ReprPC		BCOR;CTBP2;MTF2;TAF15;ZFP36;ZMYM3	
468	cg14144305	45	ReprPC	EnhBiv		CTBP2;EED;HDAC6;HEXIM1;OGG1;RORC;ZNF605	ALX4
469	cg07393734	45	ReprPC	ReprPC	H3K23me2	ARID1B;CTBP2;DIDO1;EP400;FOSL1;FOXK2;GABPB1;GFI1B;HDAC6;HES1;INO80;KDM4A;KDM4B;KLF16;MGA;MTA3;MTF2;NR4A1;OGG1;PCGF2;PRDM10;RBFOX2;THAP1;TRIM28;UBTF;VEZF1;XRCC5;ZBTB40;ZKSCAN1;ZNF184;ZNF644;ZNF800	
470	cg07704934	45	ReprPC	ReprPC		MTF2;RBM39;TAF15;ZFP36;ZMYM3	
471	cg22466678	46	TssFlnkU	TssAFlnk	H3K27me3B;H3K36me2;H4K12ac	CDKN1B;EBF1;HAND2;HMGXB4;HNF1A;HNRNPH1;IFNA1;ISL2;MXD4;PAXIP1;PITX3;ZBTB7B;ZFP3;ZNF407;ZNF598;ZNF786	ENSG00000286608
472	cg08802841	46	TssFlnkU	TssAFlnk	H2BK12ac;H2BK15ac;H2BK20ac	HNF1A;HOXA3;IKZF1;IRF2;MBD4;MEF2B;MYF5;NCOR1;ONECUT1;PITX3;PRDM10;SAP30;SRSF4;SSRP1;ZBED2;ZNF3;ZNF44;ZNF697	ENSG00000286608
473	cg13519918	46	TssFlnkU	TssAFlnk	H3K36me2	CDKN1B;EBF1;HAND2;HMGXB4;HNRNPH1;IFNA1;ISL2;MYF5;PAXIP1;PITX3;SP140L;SSRP1;ZBTB7B;ZFP3;ZNF598;ZNF786	ENSG00000286608
474	cg26635451	46	TssFlnkU	TssAFlnk	H3K27me3B;H3K36me2;H4K12ac	CDKN1B;EBF1;HAND2;HMGXB4;HNF1A;IFNA1;ISL2;MXD4;ONECUT1;PAXIP1;PHF5A;PITX3;SS18;ZBTB7B;ZFP3;ZNF407;ZNF44;ZNF598;ZNF786;ZNF800;ZNF92	ENSG00000286608
475	cg15296664	46	TssFlnkU	TssAFlnk	H2BK12ac;H2BK20ac;H3K36me2	HNF1A;HOXA3;IKZF1;IRF2;MYF5;NCOR1;ONECUT1;PITX3;PRDM10;SAP30;SRSF4;SSRP1;ZBED2;ZNF256;ZNF3;ZNF44	ENSG00000286608
476	cg05589489	46	TssFlnkU	TssAFlnk	H2BK20ac;H3K36me2	HMGXB4;HNF1A;HOXA3;IKZF1;IRF2;MYF5;ONECUT1;PITX3;PRDM10;SAP30;SRSF4;SSRP1;ZNF256;ZNF3;ZNF44	ENSG00000286608
477	cg01184975	47	ReprPC	ReprPC		CHD7;EZH1;EZH2;HEXIM1;HIF3A;NANOG;OGG1;PDX1;RORC;SALL3;SUZ12;TBX5;TRIM25;TRIM28;UBTF;WDR5	
478	cg06911121	47	TssBiv	ReprPC	H3F3A;HistoneLysineCrotonylation	BMPR1A;CBX4;CTBP2;EED;EZH2;IRF2;NEUROG2;OGG1;PCGF2;PDX1;RXR;SMAD2-3;SOX4;SUZ12;TRIM28;UBTF;WDR5	TBX5-AS1
479	cg26196480	47	ReprPC	ReprPC		CTBP2;SALL3	TBX5-AS1
480	cg10281002	47	ReprPC	ReprPC		CTBP2;SALL3	TBX5-AS1
481	cg16559598	47	ReprPC	ReprPC		CBX8;CTBP2;PCGF2;SALL3	TBX5-AS1
482	cg04685570	47	ReprPC	ReprPC		CBX2;CTBP2;NANOG;PCGF2;PDX1;RORC;WDR5	TBX5
483	cg04562909	47	ReprPC	ReprPC	H3K27me3B		TBX5
484	cg23827572	47	ReprPC	ReprPC		CTBP2;SALL3	TBX5-AS1
485	cg17421417	48	ReprPC	ReprPC		ATF2;BCOR;CXXC4;IKZF3;INSM2;JARID2;KLF10;KLF13;KLF17;KLF7;KLF8;KMT2C;KMT2D;OSR2;PARP1;PATZ1;PRDM4;PRDM6;SCRT1;SMARCC1;SP7;TSHZ1;USF2;WT1;ZBTB10;ZBTB21;ZBTB44;ZBTB8A;ZFP69B;ZNF101;ZNF184;ZNF213;ZNF324;ZNF341;ZNF35;ZNF391;ZNF394;ZNF398;ZNF423;ZNF441;ZNF467;ZNF518A;ZNF558;ZNF561;ZNF580;ZNF596;ZNF623;ZNF629;ZNF639;ZNF692;ZNF711;ZNF792;ZNF843;ZSCAN21;ZSCAN23;ZSCAN30;ZSCAN5C;ZXDB	ENSG00000289274
486	cg25449484	48	ReprPC	ReprPC	H1.4;H3K36me3B;HistoneLysineAcetylation;HistoneLysineCrotonylation	AATF;CHD7;CTBP2;JARID2;KDM6B;NCAPH2;OGG1;PCGF2;PRDM14;PRDM4;RYBP;SS18;ZNF202	NR2F1
487	cg08969950	48	ReprPC	ReprPC	H2AK119;H3K36me3B	CTBP2;JARID2;NCAPH2;PCGF2;RYBP;SIX2;SS18;UBTF;ZNF202	NR2F1
488	cg02081019	48	ReprPC	ReprPC	H2AK119;H2AX;H3K36me3B	CBX7;CHD7;CTBP2;EED;HEXIM1;HIVEP1;HNRNPH1;HNRNPL;KMT2C;KMT2D;NANOG;NCAPH2;NUTM1;OGG1;PTBP1;SIRT6;SRSF1;TAF15;ZGPAT;ZNF202;ZNF550	
489	cg18307783	48	ReprPC	ReprPC		CTBP2;EED;HEXIM1;IFNA1;KMT2C;RPA2;SMAD2-3;ZNF202;ZNF276	
490	cg09010852	48	ReprPC	ReprPC		ATF2;BCOR;CHD7;CTBP2;IKZF3;INSM2;JARID2;KLF10;KLF17;KLF7;KLF8;KMT2C;KMT2D;OSR2;OVOL3;PARP1;PATZ1;PRDM4;PRDM6;RING1;RYBP;SALL3;SCRT1;SIRT6;SMARCC1;SP7;SS18;TSHZ1;WT1;ZBTB10;ZBTB21;ZBTB26;ZBTB42;ZBTB44;ZBTB8A;ZFP69B;ZNF101;ZNF213;ZNF273;ZNF324;ZNF341;ZNF35;ZNF391;ZNF394;ZNF398;ZNF423;ZNF441;ZNF467;ZNF468;ZNF558;ZNF561;ZNF574;ZNF596;ZNF623;ZNF629;ZNF639;ZNF711;ZNF770;ZNF792;ZNF843;ZSCAN22;ZSCAN30;ZSCAN5C;ZXDB	ENSG00000289274
491	cg04192879	48	ReprPC	ReprPC	H1.4;H3K36me3B	AATF;CTBP2;JARID2;NCAPH2;OGG1;PCGF2;PRDM14;PRDM4;RYBP;SS18;ZNF202;ZNF891	NR2F1
492	cg03356172	49	TssBiv	TssA	H3K23me2;H3K79me1	CBX7;EED;HDAC3;MYC-DAXX;MZF1;PATZ1;PCGF2;PITX3;PRDM4;SALL3;SMAD2-3;ZBTB11;ZBTB20;ZBTB48;ZFP37;ZFP69B;ZNF189;ZNF2;ZNF394;ZNF561;ZNF711	NBEA;MAB21L1
493	cg16877681	49	TssBiv	BivFlnk	H2BK20ac;H3K27me3B	ATRX;BMI1;CBX7;CTBP2;EED;HDAC3;JARID2;MLLT3;PATZ1;PCGF2;PDX1;PITX3;SALL3;SUZ12;ZFP69B;ZKSCAN2;ZNF394;ZNF561;ZNF660;ZNF711;ZNF777;ZSCAN21	NBEA;MAB21L1
494	cg12573705	49	TssBiv	EnhBiv	H2AX	ATRX;CBX2;CBX7;CRX;EED;FEZF1;GLIS1;HAND2;IKZF3;ISL1;JARID2;LHX2;MEF2D;MITF;MZF1;NFIC;OSR2;OTX2;PAX6;PCGF2;PDX1;PHOX2B;PITX3;RFX5;RORB;SETDB1;SP2;SP7;TOX2;TWIST1;ZBTB42;ZFP37;ZFP69B;ZNF10;ZNF12;ZNF189;ZNF273;ZNF337;ZNF35;ZNF366;ZNF394;ZNF449;ZNF573;ZNF577;ZNF660;ZNF770;ZSCAN16;ZSCAN22;ZSCAN30	NBEA
495	cg01952313	49	TssBiv	EnhBiv	H2AX	ATRX;CBX2;CBX7;CRX;EED;FEZF1;GLIS1;HAND2;IKZF3;ISL1;JARID2;LHX2;MEF2D;MITF;MZF1;NFIC;OSR2;OTX2;PAX6;PCGF2;PDX1;PHOX2B;PITX3;RFX5;RORB;SETDB1;SP2;SP7;TOX2;TWIST1;ZBTB42;ZFP37;ZFP69B;ZNF10;ZNF12;ZNF18;ZNF189;ZNF273;ZNF337;ZNF35;ZNF366;ZNF394;ZNF449;ZNF573;ZNF577;ZNF660;ZNF770;ZSCAN16;ZSCAN22;ZSCAN30	NBEA
496	cg12178237	49	TssBiv	TssA		CREB5;IKZF3;LYL1;MZF1;OSR2;PATZ1;PCGF2;PITX3;PRDM1;SPI1;TRIM28;ZBTB42;ZNF189;ZNF341;ZNF35;ZNF366;ZNF467;ZNF561;ZNF711;ZSCAN22	NBEA;MAB21L1
497	cg21884062	49	TssBiv	EnhBiv	H2AX	ATRX;CBX2;CBX7;CRX;EED;FEZF1;GLIS1;HAND2;IKZF3;ISL1;JARID2;LHX2;MEF2D;MITF;MZF1;NFIC;OSR2;OTX2;PATZ1;PAX6;PCGF2;PDX1;PHOX2B;PITX3;RFX5;RORB;SETDB1;SP2;SP7;TOX2;TWIST1;ZBTB20;ZBTB42;ZFP37;ZFP69B;ZNF10;ZNF12;ZNF18;ZNF189;ZNF273;ZNF337;ZNF341;ZNF35;ZNF366;ZNF394;ZNF449;ZNF573;ZNF574;ZNF577;ZNF660;ZSCAN16;ZSCAN22;ZSCAN30	NBEA
498	cg00505001	49	TssBiv	BivFlnk	H4	ATRX;CBX7;CTBP2;EED;FEZF1;GLIS1;GTF3C2;HIC1;JARID2;KLF16;MYC-DAXX;OLIG2;OSR2;PDX1;PITX3;PRDM4;RBBP4;SALL3;SP7;SS18;SUZ12;ZBTB20;ZBTB26;ZBTB48;ZFP37;ZFP69B;ZNF121;ZNF189;ZNF2;ZNF264;ZNF324;ZNF366;ZNF391;ZNF394;ZNF561;ZNF580;ZNF629;ZNF639;ZNF660;ZNF695;ZNF711;ZNF750;ZSCAN21;ZSCAN22;ZSCAN30	NBEA;MAB21L1
499	cg25628008	49	TssBiv	TssA		ATRX;BRF1;CREB5;LMO2;OSR2;PCGF2;TRIM28;ZBTB42;ZNF341;ZNF35;ZNF366;ZNF467;ZNF561;ZNF711;ZSCAN21;ZSCAN22	NBEA;MAB21L1
500	cg02120658	50	TssBiv	BivFlnk	H3K36me3B	ATF2;CBX7;CTBP2;JARID2;PDX1;RYBP;SS18;SUZ12	PAX3
501	cg24621972	50	TssBiv	BivFlnk	H3K27me3B;H3K36me3B	CBX7;CTBP2;JARID2;ONECUT1;PDX1;RYBP;SS18;SUZ12	PAX3
502	cg16978914	50	ReprPC	ReprPC			PAX3
503	cg19987665	50	ReprPC	ReprPC	H3K27me3B	CTBP2;JARID2;SUZ12	PAX3
504	cg18406033	50	TssBiv	ReprPC		CBX7;CBX8;CTBP2;HEXIM1;HIVEP1;JARID2;KDM6B;NANOG;OGG1;RBM39;RYBP;SRSF3;ZNF300	PAX3
505	cg09678971	50	TssBiv	BivFlnk		CBX7;CTBP2;DMAP1;HEXIM1;HIVEP1;IRF1;JARID2;RYBP;SALL3;SMC1A-B;SS18;SS18-SSX;SUZ12	PAX3
506	cg00461612	50	ReprPC	ReprPC		CTBP2;SALL3;SS18-SSX	PAX3
507	cg18689454	51	ReprPC	Quies		CDKN1B;DDX5;EZH2;FOSL1;HEXIM1;HIF3A;HIVEP1;HOXA3;KDM4A;MNX1;MYOD1;PRDM14;RORC;SALL3;SIRT6;SMAD2-3;SRSF3;SS18-SSX;TFIIIC;TRIM25;UBTF;WDR5	
508	cg11923631	51	ReprPC	Quies		ARID1B;CDKN1B;DDX5;EZH2;FOSL1;HEXIM1;HIF3A;HIVEP1;HOXA3;KDM4A;MNX1;MYOD1;PCGF1;PRDM14;RORC;SALL3;SIRT6;SRSF3;SS18-SSX;TFIIIC;TRIM25;UBTF;WDR5	AIRE
509	cg27251412	51	ReprPC	Quies		ARID1B;CDKN1B;DDX5;EZH2;FOSL1;HEXIM1;HIF3A;HIVEP1;HOXA3;KDM4A;MNX1;MYOD1;PCGF1;PRDM14;RORC;SIRT6;SS18-SSX;TFIIIC;TRIM25;WDR5	AIRE
510	cg08089567	51	ReprPC	Quies		ARID1B;DDX5;HEXIM1;HIF3A;PCGF1;RORC;SIRT6;SS18-SSX;TFIIIC;TRIM25;WDR5;ZNF28	AIRE
511	cg16717549	51	ReprPC	Quies		CDKN1B;DDX5;EZH2;FOSL1;HEXIM1;HIF3A;HIVEP1;HOXA3;KDM4A;MNX1;MYOD1;PRDM14;RORC;SALL3;SIRT6;SMAD2-3;SRSF3;SS18-SSX;TFIIIC;TRIM25;UBTF;WDR5	
512	cg09510531	51	ReprPC	Quies		ARID1B;CDKN1B;DDX5;EZH2;FOSL1;HEXIM1;HIF3A;HIVEP1;HOXA3;KDM4A;MNX1;MYOD1;PCGF1;RORC;SIRT6;SS18-SSX;TFIIIC;TRIM25;WDR5	AIRE
